actual_price,predicted_price,prediction_error
874,960.41064,-86.41064453125
9273,8824.085,448.9150390625
11743,11589.296,153.7041015625
1064,1199.2153,-135.21533203125
906,861.917,44.0830078125
3528,4224.537,-696.537109375
2638,3009.956,-371.9560546875
894,970.84546,-76.845458984375
2247,2562.801,-315.801025390625
4548,5722.796,-1174.7958984375
926,905.60693,20.39306640625
795,937.0735,-142.073486328125
526,591.0564,-65.056396484375
5638,6484.9863,-846.986328125
1337,1215.0698,121.93017578125
625,688.1692,-63.169189453125
3710,3339.6514,370.3486328125
504,410.07935,93.920654296875
4416,4241.283,174.716796875
630,343.63232,286.36767578125
3632,3818.9878,-186.98779296875
15076,15239.422,-163.421875
763,813.23706,-50.237060546875
814,831.1074,-17.107421875
3334,3667.6777,-333.677734375
7571,7178.91,392.08984375
3138,3135.5432,2.456787109375
1021,960.09985,60.900146484375
2201,2303.666,-102.666015625
4287,4391.816,-104.81591796875
911,738.46216,172.537841796875
4604,5686.966,-1082.9658203125
868,850.2019,17.798095703125
17909,17787.713,121.287109375
2468,2309.4333,158.566650390625
5023,4765.783,257.216796875
4980,4696.3384,283.66162109375
4785,5222.742,-437.7421875
1838,1368.2649,469.735107421875
1911,2141.1636,-230.16357421875
1385,1331.6135,53.386474609375
2362,2672.3,-310.300048828125
2301,2611.3809,-310.380859375
706,777.16455,-71.16455078125
810,827.2268,-17.226806640625
1115,1221.543,-106.54296875
814,698.80005,115.199951171875
1787,1670.3918,116.608154296875
14574,16790.615,-2216.615234375
2189,2457.3518,-268.351806640625
982,884.1929,97.80712890625
3860,4006.515,-146.514892578125
5055,6328.246,-1273.24609375
1270,1489.563,-219.56298828125
1949,2024.1448,-75.144775390625
1127,1076.627,50.373046875
2147,2261.5757,-114.57568359375
1786,1973.7654,-187.765380859375
4536,4721.5796,-185.57958984375
3284,3869.615,-585.614990234375
2127,2116.412,10.587890625
778,835.35693,-57.35693359375
3581,3640.2207,-59.220703125
593,472.45044,120.549560546875
588,532.9263,55.07373046875
3107,3485.0361,-378.0361328125
1814,1662.779,151.220947265625
3530,4129.4624,-599.46240234375
806,943.1985,-137.198486328125
918,958.834,-40.833984375
3577,3630.8396,-53.839599609375
1659,1833.7964,-174.79638671875
2394,2334.4873,59.5126953125
2863,2787.9536,75.04638671875
1865,1209.867,655.133056640625
847,966.66675,-119.666748046875
1013,863.87134,149.128662109375
6238,6485.2417,-247.24169921875
15248,17269.99,-2021.990234375
3102,3309.5327,-207.53271484375
900,754.25586,145.744140625
4303,5518.4556,-1215.45556640625
10185,11637.079,-1452.0791015625
3992,3468.1477,523.852294921875
5208,4619.1016,588.8984375
1080,1028.4702,51.52978515625
877,942.01685,-65.016845703125
4118,4275.3267,-157.32666015625
6909,7568.8257,-659.82568359375
5431,5709.1826,-278.1826171875
1816,2016.316,-200.3160400390625
3924,4228.2495,-304.24951171875
650,610.2593,39.74072265625
8096,7570.313,525.68701171875
17904,16165.485,1738.5146484375
15730,15367.748,362.251953125
386,412.91064,-26.91064453125
15955,15997.555,-42.5546875
5225,5622.499,-397.4990234375
846,946.8699,-100.869873046875
9117,9287.049,-170.048828125
3191,3000.7075,190.29248046875
3965,4745.5723,-780.572265625
1030,841.66797,188.33203125
1600,1551.668,48.33203125
14844,14493.686,350.314453125
775,967.5215,-192.521484375
743,552.1946,190.805419921875
4619,4609.148,9.85205078125
2005,1872.4683,132.53173828125
6098,6600.9463,-502.9462890625
5535,5520.95,14.0498046875
5787,5964.1167,-177.11669921875
765,684.99756,80.00244140625
1076,1170.0068,-94.0068359375
551,673.6814,-122.681396484375
737,432.55322,304.44677734375
4480,4482.5635,-2.5634765625
1974,1878.696,95.303955078125
2107,2085.9011,21.098876953125
6194,6150.6064,43.3935546875
1944,2167.2603,-223.26025390625
12394,12799.736,-405.736328125
675,507.54932,167.45068359375
14119,13600.005,518.9951171875
1190,1201.1042,-11.104248046875
6625,6421.7207,203.279296875
14047,14276.883,-229.8828125
1692,2148.3877,-456.3876953125
4777,5132.54,-355.5400390625
2501,2767.212,-266.2119140625
951,1028.1873,-77.187255859375
1842,1775.3103,66.689697265625
4787,4627.5356,159.46435546875
3473,3678.545,-205.544921875
2390,2294.0479,95.9521484375
2195,2322.9937,-127.99365234375
2633,2765.5693,-132.5693359375
928,771.0425,156.95751953125
6479,6233.3594,245.640625
666,724.4822,-58.482177734375
666,721.7456,-55.74560546875
5252,5584.2764,-332.2763671875
6500,7256.3535,-756.353515625
952,1047.9343,-95.934326171875
678,687.55054,-9.550537109375
5758,5648.102,109.89794921875
2090,1955.1116,134.888427734375
5154,4351.466,802.5341796875
872,700.5581,171.44189453125
5534,5500.1406,33.859375
872,712.2617,159.73828125
3966,4385.0493,-419.04931640625
2435,2389.292,45.7080078125
2234,2303.012,-69.011962890625
2927,3144.1646,-217.16455078125
2428,2527.891,-99.89111328125
3673,3598.4534,74.546630859375
10546,9612.751,933.2490234375
2571,3110.7466,-539.74658203125
1554,1580.5569,-26.556884765625
5914,5827.4756,86.5244140625
4743,4685.954,57.0458984375
945,1009.62476,-64.624755859375
2479,2787.2368,-308.23681640625
2033,1845.9375,187.0625
1949,2179.974,-230.97412109375
756,588.4392,167.560791015625
4175,4156.9624,18.03759765625
559,589.3911,-30.39111328125
7583,8583.004,-1000.00390625
9542,10784.039,-1242.0390625
16130,13400.074,2729.92578125
1808,1628.9062,179.09375
4600,4992.0537,-392.0537109375
2519,2813.2842,-294.2841796875
17009,15257.369,1751.630859375
16687,16355.252,331.748046875
2028,2074.9233,-46.92333984375
3548,3596.1667,-48.166748046875
658,585.0698,72.93017578125
5231,5424.241,-193.2412109375
7072,7222.6045,-150.6044921875
524,542.1072,-18.107177734375
2398,2297.802,100.197998046875
3401,3670.2583,-269.25830078125
2313,2790.076,-477.075927734375
5598,5542.512,55.48779296875
15959,15468.698,490.3017578125
8828,12496.294,-3668.2939453125
4828,6465.7607,-1637.7607421875
3204,3216.9587,-12.958740234375
5363,5171.867,191.1328125
11820,12769.934,-949.93359375
1237,1404.3804,-167.38037109375
4014,4762.361,-748.36083984375
461,525.7954,-64.79541015625
1442,1505.4646,-63.464599609375
9850,13850.3125,-4000.3125
4546,5275.749,-729.7490234375
2487,2777.6348,-290.634765625
448,471.90674,-23.90673828125
447,653.94727,-206.947265625
1443,1456.3684,-13.368408203125
4966,3795.481,1170.51904296875
4413,4361.203,51.796875
9408,7582.584,1825.416015625
6611,6511.717,99.283203125
3860,4088.9866,-228.986572265625
2025,2127.0308,-102.03076171875
1746,1501.2686,244.7314453125
5234,5660.917,-426.9169921875
3775,4437.8457,-662.845703125
1843,1811.387,31.613037109375
4138,4095.5864,42.41357421875
13367,14877.904,-1510.904296875
724,697.7595,26.240478515625
5234,6137.8545,-903.8544921875
3005,2760.2712,244.728759765625
1181,1216.6328,-35.6328125
6330,6453.6016,-123.6015625
4637,4521.6235,115.37646484375
8003,7678.2656,324.734375
8518,9348.975,-830.974609375
487,484.91724,2.082763671875
2176,2130.3699,45.630126953125
2517,2198.6924,318.3076171875
652,748.0271,-96.027099609375
2161,2311.796,-150.7958984375
4950,5198.117,-248.1171875
731,671.3518,59.648193359375
9880,11327.017,-1447.0166015625
15877,15360.403,516.5966796875
3543,3760.882,-217.882080078125
768,728.6328,39.3671875
3062,2708.377,353.623046875
1099,979.5923,119.40771484375
4833,4671.4473,161.552734375
9167,8853.89,313.1103515625
10600,10805.685,-205.6845703125
3011,3841.9558,-830.955810546875
1819,1585.8059,233.194091796875
3443,3840.46,-397.4599609375
3463,3967.19,-504.18994140625
1276,1523.7908,-247.790771484375
1095,1226.8105,-131.810546875
1074,1251.1748,-177.1748046875
3583,3074.2476,508.75244140625
900,715.99097,184.009033203125
2256,2629.2207,-373.220703125
2338,2712.856,-374.85595703125
7055,6600.843,454.1572265625
596,697.23755,-101.237548828125
1061,894.94775,166.05224609375
2367,2455.2966,-88.296630859375
472,648.3489,-176.348876953125
5000,5494.271,-494.27099609375
6499,6465.4937,33.50634765625
2635,3038.9807,-403.980712890625
2327,2453.0376,-126.03759765625
477,488.94604,-11.946044921875
12356,15153.215,-2797.21484375
10096,10665.111,-569.111328125
5373,5430.587,-57.5869140625
985,1110.3103,-125.310302734375
1715,1595.2188,119.78125
758,829.8845,-71.884521484375
6891,6973.631,-82.630859375
1635,1606.8826,28.117431640625
6728,6765.6875,-37.6875
2405,2309.2097,95.790283203125
4033,4323.923,-290.9228515625
12048,12035.566,12.43359375
906,1044.4592,-138.459228515625
4133,4197.5234,-64.5234375
794,751.7905,42.20947265625
1546,1404.0864,141.91357421875
2843,2863.812,-20.81201171875
1592,1512.866,79.134033203125
1998,2315.1636,-317.16357421875
945,834.2634,110.736572265625
2706,3133.5571,-427.55712890625
8848,8839.413,8.5869140625
1656,1706.5562,-50.55615234375
15124,14513.201,610.798828125
5147,5280.557,-133.55712890625
1546,1454.8298,91.170166015625
4842,5251.509,-409.5087890625
525,485.24097,39.759033203125
644,668.76196,-24.761962890625
18710,19349.854,-639.853515625
4504,4797.4976,-293.49755859375
658,628.27026,29.729736328125
5120,5078.96,41.0400390625
16957,16357.589,599.4111328125
544,666.4087,-122.40869140625
4693,4041.4282,651.57177734375
6113,6360.002,-247.001953125
4956,4620.8467,335.1533203125
18059,18250.467,-191.466796875
6031,5863.058,167.94189453125
4258,4611.518,-353.51806640625
9281,9901.626,-620.6259765625
11294,12961.034,-1667.0341796875
2300,2371.5417,-71.541748046875
3892,4137.634,-245.6337890625
12127,12151.276,-24.2763671875
647,687.2361,-40.236083984375
683,724.3269,-41.326904296875
11047,12579.281,-1532.28125
3393,3652.0198,-259.019775390625
1077,1075.3335,1.66650390625
1337,1184.9314,152.068603515625
11286,11940.179,-654.1787109375
3299,2772.5732,526.4267578125
876,800.23364,75.766357421875
811,877.7749,-66.77490234375
6905,7845.6055,-940.60546875
932,873.89233,58.107666015625
1058,1033.4888,24.51123046875
680,666.93604,13.06396484375
1809,1971.5455,-162.5455322265625
12687,17711.498,-5024.498046875
5599,5875.791,-276.791015625
4878,5391.697,-513.69677734375
7950,8901.578,-951.578125
482,427.08105,54.9189453125
10546,10987.452,-441.4521484375
1419,1720.0479,-301.0478515625
544,565.2766,-21.276611328125
1382,1418.1147,-36.11474609375
1248,1599.6355,-351.635498046875
1036,1192.4536,-156.45361328125
2309,2636.5908,-327.5908203125
3438,2717.9277,720.072265625
3770,3409.1833,360.816650390625
6186,6600.533,-414.533203125
651,555.4414,95.55859375
5154,4788.0713,365.9287109375
9820,9231.318,588.681640625
776,665.4114,110.588623046875
9209,9855.149,-646.1494140625
6300,5190.0273,1109.97265625
1422,1403.7349,18.26513671875
2709,2811.0874,-102.08740234375
1003,1207.1086,-204.108642578125
1076,1069.188,6.81201171875
1163,1089.2634,73.736572265625
2401,2536.3206,-135.320556640625
781,793.2261,-12.22607421875
1616,1621.154,-5.154052734375
4549,5420.249,-871.2490234375
969,886.5073,82.49267578125
9580,11865.923,-2285.9228515625
1111,1332.862,-221.862060546875
6811,7463.1655,-652.16552734375
6259,6413.834,-154.833984375
988,969.01245,18.987548828125
16650,17687.262,-1037.26171875
957,883.46265,73.537353515625
12968,12854.82,113.1796875
673,850.6023,-177.602294921875
830,939.87256,-109.87255859375
970,1091.8982,-121.898193359375
3997,4055.745,-58.7451171875
1034,897.7395,136.260498046875
1442,1657.0942,-215.09423828125
552,526.15283,25.84716796875
457,312.97412,144.02587890625
9653,10343.191,-690.19140625
2115,2274.857,-159.85693359375
596,842.6443,-246.644287109375
933,934.9905,-1.990478515625
6908,6652.4287,255.5712890625
2751,3291.0317,-540.03173828125
1687,1605.5864,81.41357421875
5946,6257.82,-311.81982421875
2164,2471.1965,-307.196533203125
5175,5039.599,135.40087890625
1812,1489.0337,322.96630859375
945,1640.3645,-695.364501953125
812,728.3013,83.69873046875
548,560.6904,-12.6904296875
4072,3989.619,82.381103515625
18342,17826.207,515.79296875
3679,4002.3372,-323.337158203125
1363,1227.7498,135.250244140625
807,882.8157,-75.815673828125
500,372.72998,127.27001953125
5352,5780.602,-428.60205078125
1323,1175.0813,147.918701171875
559,563.3655,-4.365478515625
10441,13252.844,-2811.84375
4536,4644.768,-108.76806640625
3052,3257.382,-205.382080078125
6906,6420.0776,485.92236328125
3651,3754.1553,-103.1552734375
507,619.8618,-112.86181640625
4059,4285.141,-226.14111328125
12286,13324.715,-1038.71484375
857,743.84595,113.154052734375
780,782.5857,-2.585693359375
707,725.2771,-18.277099609375
906,811.084,94.916015625
4798,5106.4424,-308.4423828125
8583,9086.447,-503.447265625
2926,3063.0989,-137.098876953125
5723,6659.179,-936.17919921875
5646,5371.8643,274.1357421875
544,494.41016,49.58984375
709,575.84985,133.150146484375
2559,2881.1287,-322.128662109375
5046,5212.856,-166.85595703125
16562,16024.753,537.2470703125
743,573.2185,169.781494140625
1915,1575.2136,339.786376953125
4629,5311.6377,-682.6376953125
1758,1690.4067,67.59326171875
12121,17399.07,-5278.0703125
3712,3304.0896,407.910400390625
969,682.43506,286.56494140625
4291,5085.0903,-794.09033203125
2906,3537.8533,-631.853271484375
2945,3147.457,-202.45703125
1354,1522.9333,-168.933349609375
2507,2566.8284,-59.828369140625
15105,15675.964,-570.9638671875
802,721.1228,80.877197265625
895,880.6438,14.356201171875
788,988.1228,-200.122802734375
7608,6951.313,656.68701171875
7230,7391.5947,-161.5947265625
646,724.386,-78.385986328125
7372,6755.3613,616.638671875
12338,12925.9,-587.900390625
1203,1094.8853,108.11474609375
3579,3736.267,-157.26708984375
2304,2437.517,-133.51708984375
6290,5998.2334,291.7666015625
2868,2848.898,19.10205078125
12089,12468.333,-379.3330078125
2075,70308.91,-68233.90625
3856,3793.7693,62.230712890625
721,848.0637,-127.063720703125
2283,2334.363,-51.363037109375
8127,7629.951,497.048828125
1197,1097.4827,99.517333984375
814,901.1548,-87.15478515625
16210,16220.249,-10.2490234375
2399,2458.4058,-59.40576171875
11310,14001.419,-2691.4189453125
1628,2033.9612,-405.961181640625
1935,1804.9319,130.068115234375
2780,2969.9944,-189.994384765625
5154,4374.2974,779.70263671875
554,681.56274,-127.562744140625
4398,5019.1924,-621.1923828125
641,713.86255,-72.862548828125
7154,7938.167,-784.1669921875
574,532.6113,41.388671875
1169,1702.5796,-533.57958984375
1179,1112.8652,66.134765625
656,923.2136,-267.213623046875
486,455.76025,30.23974609375
552,505.9077,46.09228515625
8863,8991.831,-128.8310546875
628,566.55396,61.446044921875
1435,1487.886,-52.885986328125
3827,4166.325,-339.3251953125
8212,9459.638,-1247.6376953125
4826,5179.343,-353.3427734375
791,814.4656,-23.465576171875
2721,2755.9783,-34.978271484375
14844,14109.839,734.1611328125
6062,5913.6367,148.36328125
1424,1666.9531,-242.953125
1940,2135.1167,-195.11669921875
921,1003.05615,-82.05615234375
523,612.42334,-89.42333984375
1007,1025.3093,-18.309326171875
5032,4985.8804,46.11962890625
17172,16212.791,959.208984375
525,548.81494,-23.81494140625
1131,1043.0698,87.93017578125
2854,3170.2717,-316.271728515625
5868,6065.8945,-197.89453125
490,412.40063,77.599365234375
1257,1283.2407,-26.24072265625
956,967.3967,-11.396728515625
1624,1448.8401,175.159912109375
13564,12977.778,586.2216796875
11863,11572.354,290.646484375
4269,4596.8413,-327.84130859375
4678,5044.632,-366.6318359375
1289,1493.6475,-204.6474609375
12681,11627.307,1053.693359375
8593,8594.707,-1.70703125
1651,1647.4358,3.564208984375
981,969.7678,11.232177734375
1308,1157.6196,150.38037109375
4153,4166.9336,-13.93359375
9298,10277.686,-979.685546875
900,772.0835,127.91650390625
544,649.4822,-105.482177734375
14208,11778.297,2429.703125
12851,12290.142,560.8583984375
1163,842.3257,320.67431640625
754,663.051,90.948974609375
6466,6640.435,-174.43505859375
4869,5075.0195,-206.01953125
1103,912.0088,190.9912109375
1052,1021.3518,30.648193359375
4989,4696.038,292.9619140625
4666,5054.3364,-388.33642578125
967,1183.1602,-216.16015625
8648,9291.859,-643.859375
945,1107.6973,-162.697265625
694,940.9363,-246.936279296875
3796,4250.465,-454.46484375
10352,8813.3955,1538.6044921875
746,818.2732,-72.273193359375
7550,7800.376,-250.3759765625
11613,11493.312,119.6884765625
1985,1610.2292,374.770751953125
1080,1009.1365,70.863525390625
2246,2228.156,17.843994140625
1270,1378.7747,-108.774658203125
5670,6234.247,-564.2470703125
3522,4057.3472,-535.34716796875
525,536.59595,-11.595947265625
5243,5396.499,-153.4990234375
7063,7321.456,-258.4560546875
2527,2653.8164,-126.81640625
2177,2027.7164,149.2835693359375
14319,18549.125,-4230.125
1695,1699.2461,-4.24609375
716,860.36646,-144.366455078125
2688,2703.868,-15.867919921875
7848,10154.469,-2306.46875
596,709.5415,-113.54150390625
658,675.25415,-17.254150390625
1107,1057.9651,49.034912109375
3998,4257.896,-259.89599609375
11470,13253.338,-1783.337890625
18559,18111.854,447.146484375
1698,1968.4244,-270.4244384765625
982,1139.6047,-157.604736328125
5242,5615.2646,-373.2646484375
526,723.93115,-197.93115234375
10623,9784.277,838.72265625
844,652.48975,191.51025390625
2066,2046.4224,19.57763671875
408,390.52026,17.479736328125
1813,1705.6455,107.3544921875
776,734.92456,41.075439453125
625,574.82715,50.1728515625
828,980.41455,-152.41455078125
1187,1245.9414,-58.94140625
734,600.5303,133.4697265625
4304,4638.619,-334.619140625
5131,5308.915,-177.9150390625
1229,1203.717,25.282958984375
533,825.34375,-292.34375
3016,3148.431,-132.430908203125
5718,5693.911,24.0888671875
1654,1522.5151,131.48486328125
799,687.8723,111.127685546875
681,789.13696,-108.136962890625
1987,2412.1665,-425.16650390625
12053,12040.713,12.287109375
10080,9095.001,984.9990234375
5318,6402.255,-1084.2548828125
4715,5250.206,-535.2060546875
5080,5097.879,-17.87890625
7481,7697.1255,-216.12548828125
5132,5079.3994,52.6005859375
6632,6311.885,320.115234375
945,1001.48584,-56.48583984375
1974,1749.354,224.64599609375
9494,10437.359,-943.359375
5044,5348.9487,-304.94873046875
2746,3080.3687,-334.36865234375
6418,6447.185,-29.18505859375
778,755.0554,22.944580078125
814,829.8899,-15.889892578125
4430,4908.5127,-478.5126953125
18252,16835.453,1416.546875
3999,3928.284,70.716064453125
3718,3235.3247,482.67529296875
844,698.5044,145.49560546875
629,775.9839,-146.98388671875
790,705.0056,84.994384765625
9533,10524.037,-991.037109375
4282,4850.258,-568.2578125
1949,1518.7437,430.25634765625
544,616.66724,-72.667236328125
1395,1344.5005,50.49951171875
3902,3652.9724,249.027587890625
1963,1931.6136,31.3863525390625
461,494.5227,-33.522705078125
4453,4126.732,326.26806640625
978,1144.9465,-166.946533203125
470,517.2197,-47.2197265625
907,653.14966,253.850341796875
947,944.0979,2.902099609375
802,693.5071,108.492919921875
9189,9392.258,-203.2578125
5996,5699.6963,296.3037109375
2066,2004.3344,61.6656494140625
4042,3167.5613,874.438720703125
13867,12542.532,1324.4677734375
625,744.4922,-119.4921875
1042,1084.5464,-42.54638671875
9072,9330.764,-258.763671875
504,517.5962,-13.59619140625
10416,9877.067,538.9326171875
1112,1352.8049,-240.804931640625
1367,1416.7976,-49.797607421875
9287,8939.891,347.109375
12401,11169.414,1231.5859375
2662,2424.9949,237.005126953125
5232,5126.0977,105.90234375
5164,5095.5605,68.439453125
1961,2001.8461,-40.8460693359375
3239,3394.6301,-155.630126953125
4435,4885.4272,-450.42724609375
13596,13024.7,571.2998046875
628,564.0554,63.944580078125
605,566.1096,38.890380859375
2898,2848.2878,49.712158203125
1741,1789.6116,-48.611572265625
5000,3926.8782,1073.121826171875
900,810.3037,89.6962890625
1125,1131.7312,-6.731201171875
1286,1148.3594,137.640625
919,991.9817,-72.981689453125
1742,2128.8062,-386.80615234375
988,976.61426,11.3857421875
1644,1626.4741,17.52587890625
8654,9594.509,-940.5087890625
596,630.5244,-34.5244140625
675,568.8672,106.1328125
1996,2276.0312,-280.03125
2447,2722.6104,-275.6103515625
1110,1213.407,-103.406982421875
908,1073.4609,-165.4609375
9730,9435.065,294.9345703125
7167,8047.999,-880.9990234375
9596,7186.1836,2409.81640625
8929,8784.777,144.22265625
2373,2730.8174,-357.8173828125
11946,11394.849,551.1513671875
1008,1153.5459,-145.5458984375
645,683.3535,-38.353515625
939,1144.2903,-205.290283203125
473,642.1045,-169.1044921875
7042,7613.256,-571.255859375
758,778.8374,-20.83740234375
855,857.0674,-2.0673828125
3920,4416.8457,-496.845703125
4238,4138.575,99.4248046875
448,420.34668,27.6533203125
1154,1180.3606,-26.360595703125
1949,1980.5616,-31.5616455078125
12606,15186.765,-2580.7646484375
862,946.6714,-84.67138671875
8662,8723.795,-61.794921875
505,517.76587,-12.765869140625
475,405.2766,69.723388671875
1216,1317.5459,-101.5458984375
1815,1622.7937,192.206298828125
645,650.88574,-5.8857421875
995,818.3479,176.652099609375
734,806.69385,-72.69384765625
14968,15754.268,-786.267578125
3920,3226.4678,693.5322265625
16128,15760.56,367.4404296875
2489,2471.915,17.0849609375
3193,3769.8247,-576.82470703125
734,735.6477,-1.647705078125
4200,4409.971,-209.97119140625
597,840.77344,-243.7734375
4375,4666.749,-291.7490234375
4227,5501.094,-1274.09423828125
12148,10185.227,1962.7734375
4201,4622.4434,-421.443359375
1884,1980.0042,-96.004150390625
445,487.34058,-42.340576171875
505,690.5928,-185.5927734375
13338,12690.285,647.71484375
14699,13276.137,1422.86328125
3079,3417.4749,-338.474853515625
5553,5593.2896,-40.28955078125
1166,1482.6462,-316.646240234375
7005,6827.5674,177.4326171875
3205,3133.4695,71.530517578125
1841,1956.3729,-115.3729248046875
595,478.02954,116.970458984375
2810,2825.1782,-15.17822265625
3218,3128.4712,89.52880859375
2818,2634.3706,183.62939453125
1061,940.6113,120.388671875
8796,8290.647,505.3525390625
12978,15237.393,-2259.392578125
6177,6056.5576,120.4423828125
6816,6641.6514,174.3486328125
1427,1290.2161,136.783935546875
3535,3628.7134,-93.71337890625
3950,3853.0327,96.96728515625
545,525.6543,19.345703125
1819,1930.5698,-111.56982421875
1033,856.32495,176.675048828125
608,843.14746,-235.1474609375
8133,8335.5205,-202.5205078125
17509,16686.781,822.21875
2792,3006.4004,-214.400390625
3465,3491.1309,-26.130859375
1931,2030.2899,-99.2899169921875
6105,6054.9126,50.08740234375
4612,4497.411,114.5888671875
3971,4615.8936,-644.8935546875
3205,4001.6482,-796.648193359375
8701,8982.297,-281.296875
434,627.9773,-193.977294921875
1343,1443.5193,-100.519287109375
1327,1424.595,-97.594970703125
4884,4509.125,374.875
1689,1638.8347,50.165283203125
2879,2834.0244,44.9755859375
4309,4181.099,127.90087890625
461,552.2146,-91.214599609375
9779,9757.09,21.91015625
7740,8339.868,-599.8681640625
6048,5483.1826,564.8173828125
7318,7081.395,236.60498046875
10468,10198.279,269.720703125
8316,9229.074,-913.07421875
784,873.58276,-89.582763671875
9987,11277.235,-1290.2353515625
17182,15961.035,1220.96484375
1816,2063.2935,-247.29345703125
3238,3744.6326,-506.632568359375
3017,3309.3726,-292.37255859375
1778,1583.5557,194.4443359375
761,974.51685,-213.516845703125
9193,9945.079,-752.0791015625
1789,1820.8777,-31.877685546875
581,662.041,-81.041015625
2939,3379.7336,-440.733642578125
10980,11297.804,-317.8037109375
556,608.6538,-52.65380859375
6578,6472.419,105.5810546875
5625,6045.3604,-420.3603515625
4226,4516.608,-290.60791015625
734,739.1748,-5.1748046875
4469,4859.3506,-390.3505859375
15823,15823.621,-0.62109375
777,879.2046,-102.20458984375
8138,8309.567,-171.5673828125
1021,1051.261,-30.260986328125
7528,7833.8154,-305.8154296875
10967,10518.02,448.98046875
1651,2090.1953,-439.1953125
943,1036.134,-93.134033203125
4656,4549.5527,106.447265625
8457,9304.578,-847.578125
4368,4143.271,224.72900390625
9819,10191.153,-372.1533203125
4234,4364.2617,-130.26171875
3246,3269.2524,-23.25244140625
4817,5278.572,-461.57177734375
755,835.6936,-80.693603515625
9504,9854.779,-350.779296875
1738,1973.9617,-235.961669921875
1727,1821.4756,-94.4755859375
9074,9289.785,-215.78515625
982,1017.9387,-35.938720703125
2001,2166.4766,-165.4765625
3663,3815.1384,-152.138427734375
7522,6749.509,772.4912109375
6782,6465.3877,316.6123046875
16900,16377.5205,522.4794921875
1130,1074.2839,55.716064453125
1872,1731.6172,140.3828125
4238,4437.9917,-199.99169921875
969,764.156,204.843994140625
6019,6343.488,-324.48779296875
882,782.7666,99.2333984375
1086,852.4104,233.589599609375
4432,4721.1606,-289.16064453125
445,493.6543,-48.654296875
2814,2910.728,-96.72802734375
770,840.4497,-70.44970703125
878,661.56714,216.432861328125
803,856.5759,-53.575927734375
6982,7186.9346,-204.9345703125
4909,5518.2754,-609.275390625
798,779.93945,18.060546875
2829,3070.1958,-241.19580078125
707,651.28467,55.71533203125
1819,2041.9717,-222.9716796875
555,679.82935,-124.829345703125
3419,3812.9094,-393.909423828125
1956,1732.5854,223.41455078125
844,648.4292,195.57080078125
802,793.0803,8.919677734375
3229,3173.705,55.294921875
2397,2504.0422,-107.042236328125
7262,7097.833,164.1669921875
5885,5674.8,210.2001953125
1640,1277.4126,362.58740234375
828,943.8115,-115.8115234375
4597,5454.0107,-857.0107421875
749,763.08765,-14.087646484375
689,712.1428,-23.142822265625
1014,1099.8337,-85.833740234375
4140,3969.174,170.825927734375
884,916.39795,-32.39794921875
813,889.4917,-76.49169921875
1239,1528.3398,-289.33984375
942,741.2654,200.734619140625
2083,2119.5342,-36.5341796875
1356,1558.1477,-202.147705078125
506,400.61108,105.388916015625
18445,18749.232,-304.232421875
770,813.90283,-43.90283203125
808,954.56226,-146.562255859375
918,951.4099,-33.409912109375
651,552.53076,98.46923828125
9354,8809.795,544.205078125
2814,3069.5093,-255.50927734375
625,823.1111,-198.111083984375
886,907.26904,-21.26904296875
814,890.9236,-76.923583984375
11723,12343.313,-620.3134765625
6563,5820.7285,742.271484375
6416,6292.169,123.8310546875
608,547.5613,60.438720703125
5111,5495.2285,-384.228515625
8643,9430.503,-787.5029296875
1579,1707.8799,-128.8798828125
18477,16859.607,1617.392578125
17254,16775.041,478.958984375
723,818.6443,-95.644287109375
952,1029.8252,-77.8251953125
672,777.10864,-105.108642578125
15395,13308.234,2086.765625
1327,1539.8184,-212.818359375
3273,3299.1924,-26.1923828125
665,682.27856,-17.278564453125
8221,7939.557,281.44287109375
6366,6233.6987,132.30126953125
684,616.66504,67.3349609375
507,624.6277,-117.627685546875
758,771.2473,-13.247314453125
4721,4418.828,302.171875
2141,2600.0674,-459.0673828125
4037,4154.3423,-117.34228515625
7972,7954.093,17.9072265625
2163,1714.762,448.238037109375
6194,5781.0854,412.91455078125
422,333.58423,88.415771484375
1318,1393.5796,-75.57958984375
1679,1698.1946,-19.194580078125
2030,1818.1438,211.856201171875
739,773.9136,-34.91357421875
1422,1588.7012,-166.701171875
10954,11253.397,-299.3974609375
847,1003.64307,-156.64306640625
605,700.69775,-95.69775390625
11487,11737.819,-250.8193359375
872,715.38696,156.613037109375
3601,3497.211,103.7890625
2082,2130.7986,-48.798583984375
2312,2565.6377,-253.6376953125
855,801.1467,53.853271484375
1415,1312.9111,102.0888671875
4173,4417.2505,-244.25048828125
10693,11990.113,-1297.11328125
1804,1739.3989,64.60107421875
716,723.0122,-7.01220703125
7207,7674.627,-467.626953125
3052,3627.83,-575.830078125
6429,5979.4033,449.5966796875
7267,6916.0166,350.9833984375
958,1124.6353,-166.63525390625
5831,6028.4717,-197.4716796875
5717,5699.045,17.955078125
5914,8017.134,-2103.1337890625
3472,3202.3772,269.622802734375
2874,2887.4321,-13.43212890625
1835,2023.6947,-188.6947021484375
2951,2958.0542,-7.05419921875
4065,4410.4194,-345.41943359375
12985,13721.241,-736.2412109375
564,502.20947,61.79052734375
2298,2097.4824,200.517578125
3780,3692.6895,87.310546875
12779,12550.91,228.08984375
1365,1514.9495,-149.949462890625
3968,3745.1057,222.894287109375
633,939.0674,-306.0673828125
876,858.7644,17.235595703125
964,798.38794,165.612060546875
6968,6806.642,161.35791015625
2782,2816.985,-34.985107421875
12683,12473.138,209.8623046875
5851,5726.2725,124.7275390625
853,916.27856,-63.278564453125
803,643.1548,159.84521484375
1607,1638.8242,-31.82421875
6194,5394.638,799.36181640625
984,840.7156,143.284423828125
9108,8749.596,358.404296875
1912,2069.5784,-157.578369140625
384,404.2544,-20.25439453125
847,872.08057,-25.08056640625
2482,2382.653,99.346923828125
1142,1198.4109,-56.410888671875
2141,2114.0508,26.94921875
1016,905.5596,110.4404296875
5385,5459.559,-74.55908203125
930,983.3906,-53.390625
1869,1913.411,-44.4110107421875
3342,3181.3582,160.641845703125
4412,5407.5767,-995.57666015625
2308,2685.378,-377.3779296875
2929,2784.8633,144.13671875
15444,16934.973,-1490.97265625
805,824.03125,-19.03125
2321,2508.7761,-187.776123046875
388,359.54443,28.45556640625
6905,7153.5107,-248.5107421875
7371,7484.3525,-113.3525390625
1067,1141.4446,-74.444580078125
2968,4049.7212,-1081.72119140625
893,849.6953,43.3046875
720,830.92114,-110.921142578125
1715,1735.356,-20.35595703125
8454,8221.117,232.8828125
9798,11889.531,-2091.53125
2458,2485.6792,-27.67919921875
3919,4233.8574,-314.857421875
6468,6431.0527,36.947265625
530,513.0547,16.9453125
1233,1353.3916,-120.3916015625
1687,1675.6702,11.329833984375
12455,13346.995,-891.9951171875
1403,1435.4104,-32.410400390625
4788,4224.5293,563.470703125
3450,4218.7734,-768.7734375
613,769.9309,-156.930908203125
702,635.3584,66.6416015625
8055,7666.99,388.009765625
2565,2483.5693,81.4306640625
2686,2599.1675,86.83251953125
1064,1087.3713,-23.371337890625
4661,4649.161,11.8388671875
1205,1251.8662,-46.8662109375
6597,7854.967,-1257.966796875
814,874.9824,-60.982421875
2600,2697.8755,-97.87548828125
603,672.1682,-69.168212890625
638,632.53516,5.46484375
402,392.10815,9.891845703125
394,516.8296,-122.82958984375
3201,3166.357,34.64306640625
745,774.2859,-29.285888671875
622,755.53955,-133.53955078125
5105,4911.6123,193.3876953125
802,733.5183,68.481689453125
2307,2721.2734,-414.2734375
1691,1834.6421,-143.64208984375
6133,5043.588,1089.412109375
4326,4080.425,245.574951171875
973,1006.98096,-33.98095703125
9376,10418.682,-1042.681640625
5390,5164.652,225.34814453125
6674,6313.1367,360.86328125
11078,10236.747,841.2529296875
7550,8243.691,-693.69140625
3750,3722.6506,27.349365234375
1246,1342.4314,-96.431396484375
2364,2216.581,147.4189453125
8736,8750.251,-14.2509765625
7024,7520.0527,-496.052734375
9727,9663.44,63.5595703125
4668,4828.068,-160.06787109375
1173,1322.5728,-149.57275390625
11074,10864.199,209.80078125
526,647.2136,-121.213623046875
932,891.23315,40.766845703125
3355,4290.3496,-935.349609375
886,940.2219,-54.221923828125
873,766.09766,106.90234375
3763,4406.786,-643.7861328125
15032,15506.628,-474.6279296875
8616,8099.927,516.0732421875
4441,5848.775,-1407.77490234375
1404,1462.948,-58.947998046875
2231,2341.7578,-110.7578125
767,826.73535,-59.7353515625
8397,9988.779,-1591.779296875
1767,1634.7,132.300048828125
586,816.1831,-230.18310546875
1395,1514.0259,-119.02587890625
13370,13595.155,-225.1552734375
5600,5561.8403,38.15966796875
16613,16178.6455,434.3544921875
4437,4891.9595,-454.95947265625
789,782.80396,6.196044921875
3217,3118.7144,98.28564453125
3170,3053.8806,116.119384765625
734,737.6821,-3.68212890625
3325,3229.9653,95.03466796875
1551,1672.3643,-121.3642578125
1228,1501.7751,-273.775146484375
2718,2777.7258,-59.725830078125
3785,3552.5444,232.45556640625
14282,14306.254,-24.25390625
2131,2469.2156,-338.215576171875
6800,6488.2944,311.70556640625
867,932.0906,-65.090576171875
840,1012.344,-172.343994140625
4720,5256.0254,-536.025390625
8321,9279.011,-958.0107421875
507,591.6887,-84.688720703125
3351,3056.2021,294.7978515625
2308,2583.6548,-275.65478515625
3622,3421.2466,200.75341796875
1389,1413.4165,-24.41650390625
1056,1233.0071,-177.007080078125
2184,2150.0615,33.9384765625
984,1077.9094,-93.909423828125
505,436.96094,68.0390625
680,637.0791,42.9208984375
1179,1151.2563,27.74365234375
826,662.84644,163.153564453125
1070,1065.2073,4.792724609375
2209,2846.3232,-637.3232421875
664,778.12085,-114.120849609375
7960,7327.5254,632.474609375
1815,1682.7815,132.218505859375
2482,2572.8623,-90.8623046875
5801,5335.1963,465.8037109375
9384,9135.726,248.2744140625
3250,3114.1138,135.88623046875
447,705.6211,-258.62109375
1369,1459.7517,-90.751708984375
3696,4633.6895,-937.689453125
3382,3573.2979,-191.2978515625
758,756.58765,1.412353515625
1775,1715.426,59.573974609375
16723,15003.905,1719.0947265625
7181,7354.39,-173.39013671875
2745,2974.6665,-229.66650390625
643,717.92456,-74.924560546875
776,655.1875,120.8125
447,517.2075,-70.20751953125
2444,2467.6196,-23.61962890625
725,831.801,-106.801025390625
2323,2158.7405,164.259521484375
3760,3512.5361,247.4638671875
3749,3993.4695,-244.469482421875
661,689.8579,-28.85791015625
2726,2879.9038,-153.90380859375
2339,2524.6833,-185.683349609375
1361,1469.3828,-108.3828125
684,599.6714,84.32861328125
10033,10548.948,-515.9482421875
8979,9174.702,-195.7021484375
2297,1843.9487,453.05126953125
6272,5936.021,335.97900390625
787,783.14624,3.853759765625
589,649.62695,-60.626953125
1079,1129.1428,-50.142822265625
975,1005.3115,-30.3115234375
6076,6544.579,-468.5791015625
3054,2914.3528,139.647216796875
4603,5662.6074,-1059.607421875
1656,1577.7195,78.280517578125
4021,3995.8604,25.1396484375
956,971.1553,-15.1552734375
7727,8319.109,-592.109375
5572,5564.375,7.625
2250,2335.6345,-85.634521484375
940,844.96704,95.032958984375
799,772.0071,26.992919921875
12085,13742.738,-1657.73828125
5232,4963.2764,268.7236328125
3405,3029.946,375.053955078125
10656,10147.125,508.875
6975,7123.755,-148.7548828125
796,814.4617,-18.461669921875
954,1166.252,-212.251953125
2775,3003.9988,-228.998779296875
8688,8628.653,59.3466796875
730,791.71704,-61.717041015625
15386,16378.391,-992.390625
4516,4679.17,-163.169921875
2327,2338.749,-11.7490234375
2508,2859.4478,-351.44775390625
1628,1508.3882,119.61181640625
14293,13496.507,796.4931640625
383,466.72412,-83.72412109375
2550,2758.1003,-208.100341796875
1743,1665.0916,77.908447265625
10844,11108.59,-264.58984375
7521,8164.8906,-643.890625
1243,1317.3672,-74.3671875
5561,5461.3438,99.65625
11303,11112.563,190.4365234375
11106,11119.147,-13.1474609375
1103,1154.2744,-51.2744140625
734,756.7351,-22.735107421875
1059,1043.5806,15.41943359375
3283,3262.9548,20.045166015625
1125,1068.6653,56.334716796875
4095,3984.647,110.35302734375
403,396.46216,6.537841796875
848,1157.315,-309.31494140625
606,681.3804,-75.38037109375
1915,1925.388,-10.387939453125
470,659.64185,-189.641845703125
7887,7529.7227,357.27734375
896,797.72266,98.27734375
3295,3255.3462,39.65380859375
1053,1100.8889,-47.888916015625
1044,1116.7786,-72.778564453125
942,743.2942,198.705810546875
17403,17788.24,-385.240234375
6743,6603.944,139.05615234375
4274,4281.6304,-7.63037109375
2274,2338.8015,-64.801513671875
4829,5274.459,-445.458984375
5253,5230.1416,22.8583984375
1758,1612.447,145.552978515625
565,582.27515,-17.275146484375
539,571.74365,-32.74365234375
2777,2522.394,254.60595703125
3750,4090.5027,-340.502685546875
1858,2868.9678,-1010.9677734375
735,735.45825,-0.458251953125
3360,3569.1465,-209.146484375
2699,3340.3684,-641.368408203125
5993,5532.2188,460.78125
2085,1612.9692,472.03076171875
945,913.75195,31.248046875
3745,4509.166,-764.166015625
5883,5062.7217,820.2783203125
4032,4088.8933,-56.893310546875
3149,3467.394,-318.39404296875
1908,1832.2671,75.73291015625
664,622.8518,41.148193359375
6734,6464.662,269.337890625
666,804.5349,-138.534912109375
2860,3139.5356,-279.53564453125
3387,3394.8303,-7.830322265625
1799,1864.3933,-65.393310546875
2148,2178.8281,-30.828125
4368,4302.759,65.2412109375
2817,2802.4148,14.585205078125
4700,4499.341,200.6591796875
3613,3333.8733,279.126708984375
12095,16224.264,-4129.263671875
1666,1949.254,-283.2540283203125
3175,3108.4395,66.560546875
842,793.927,48.072998046875
2184,1897.6157,286.38427734375
2010,1988.5159,21.484130859375
481,593.1958,-112.19580078125
2819,3272.597,-453.596923828125
3055,3172.3472,-117.34716796875
9315,9014.738,300.26171875
4296,4404.1177,-108.11767578125
10914,11731.869,-817.869140625
1261,1503.4182,-242.418212890625
891,1007.91724,-116.917236328125
7153,7179.993,-26.9931640625
10424,9550.742,873.2578125
504,707.3369,-203.3369140625
867,1011.8965,-144.896484375
1682,1557.487,124.512939453125
2322,2524.9849,-202.98486328125
3478,3448.1614,29.838623046875
521,713.0342,-192.0341796875
1923,1855.5906,67.409423828125
880,856.64185,23.358154296875
3449,4245.8564,-796.8564453125
730,727.8594,2.140625
2026,2295.829,-269.8291015625
3716,4024.4775,-308.4775390625
11526,10899.283,626.716796875
2145,1949.8508,195.149169921875
4311,3639.1982,671.8017578125
2926,3546.5066,-620.506591796875
7272,7016.0327,255.96728515625
3903,3845.095,57.905029296875
3798,4284.931,-486.93115234375
7937,8183.99,-246.990234375
10867,11411.543,-544.54296875
2930,3079.1077,-149.107666015625
1871,2062.9272,-191.92724609375
4186,4073.6594,112.340576171875
854,719.74756,134.25244140625
2013,1938.2114,74.78857421875
1736,1838.4805,-102.48046875
899,814.07666,84.92333984375
1289,1096.5808,192.419189453125
5964,6669.9824,-705.982421875
5375,5102.255,272.7451171875
14341,14300.4375,40.5625
6804,6145.4385,658.5615234375
8818,9788.586,-970.5859375
10504,9862.791,641.208984375
487,517.8977,-30.897705078125
1153,1140.7393,12.2607421875
472,511.521,-39.52099609375
2743,2723.2842,19.7158203125
477,486.76514,-9.76513671875
14165,13438.814,726.185546875
756,678.7612,77.23876953125
2395,2448.8428,-53.8427734375
3299,3403.8489,-104.848876953125
3499,3870.2373,-371.2373046875
2010,2164.6484,-154.6484375
3197,3223.1133,-26.11328125
616,699.43945,-83.439453125
2917,2803.7046,113.29541015625
15568,15018.953,549.046875
9682,8944.815,737.1845703125
911,1044.863,-133.863037109375
10177,9612.898,564.1015625
648,690.43726,-42.437255859375
680,695.63086,-15.630859375
13474,14390.247,-916.2470703125
8639,8452.74,186.259765625
5601,5571.067,29.93310546875
3384,4280.4243,-896.42431640625
4485,5306.668,-821.66796875
4373,4358.4917,14.50830078125
6291,6336.116,-45.1162109375
11767,12135.129,-368.12890625
1421,1305.6421,115.35791015625
1967,2326.9915,-359.991455078125
837,834.57104,2.428955078125
3251,3182.3335,68.66650390625
2362,2935.6648,-573.664794921875
1007,1041.9812,-34.981201171875
891,918.97314,-27.97314453125
616,675.75757,-59.757568359375
1397,1279.9985,117.00146484375
14024,16077.773,-2053.7734375
12720,13048.721,-328.720703125
5946,5904.644,41.35595703125
2364,2512.1777,-148.177734375
2811,2900.2847,-89.28466796875
1235,1164.0073,70.99267578125
8169,8171.5635,-2.5634765625
7426,8411.274,-985.2744140625
911,728.3882,182.61181640625
814,817.4697,-3.4697265625
5443,5767.0,-324.0
2958,3847.2969,-889.296875
832,856.89404,-24.89404296875
3168,4082.7927,-914.792724609375
3443,3939.5947,-496.5947265625
7498,7446.1934,51.806640625
3023,2485.2927,537.707275390625
619,698.2466,-79.24658203125
1892,2152.5059,-260.505859375
1447,1355.9321,91.06787109375
9799,9752.515,46.4853515625
856,796.0984,59.901611328125
14394,13765.635,628.365234375
612,573.7351,38.264892578125
1211,1238.3989,-27.39892578125
1172,1074.2119,97.7880859375
984,1082.8833,-98.88330078125
5078,5049.0776,28.92236328125
18780,16888.2,1891.80078125
586,794.52954,-208.529541015625
752,752.5996,-0.599609375
633,677.9866,-44.986572265625
738,885.8003,-147.80029296875
4520,5726.999,-1206.9990234375
988,926.8589,61.14111328125
805,831.5593,-26.559326171875
530,535.0515,-5.051513671875
2314,2511.3765,-197.37646484375
1020,877.3428,142.6572265625
2459,2353.8296,105.17041015625
4704,4704.366,-0.3662109375
861,1008.72656,-147.7265625
575,574.21094,0.7890625
3208,3288.4634,-80.46337890625
447,497.16968,-50.169677734375
7001,7857.75,-856.75
649,673.2329,-24.23291015625
1928,1752.3757,175.624267578125
1073,1123.5625,-50.5625
5005,5779.5605,-774.560546875
4407,4236.2476,170.75244140625
813,1058.0217,-245.021728515625
5291,5128.8086,162.19140625
1887,1766.6985,120.301513671875
6135,5886.619,248.380859375
574,564.5005,9.49951171875
5694,5330.5244,363.4755859375
4022,4262.612,-240.61181640625
764,798.6575,-34.657470703125
666,716.48267,-50.482666015625
2243,2829.9868,-586.98681640625
5525,5220.846,304.15380859375
15952,15857.445,94.5546875
1267,1182.3276,84.67236328125
1668,1619.6523,48.34765625
12506,13916.071,-1410.0712890625
804,893.3237,-89.32373046875
800,637.0137,162.986328125
9900,9662.068,237.931640625
791,883.75854,-92.758544921875
2379,2974.3865,-595.386474609375
4209,3834.83,374.169921875
3864,3710.3875,153.612548828125
1962,1928.8728,33.127197265625
18118,18476.96,-358.9609375
1892,1922.0074,-30.0074462890625
3298,4121.2783,-823.2783203125
705,844.5488,-139.548828125
3950,3878.9978,71.002197265625
4670,4680.383,-10.3828125
17115,17751.906,-636.90625
2677,2708.8315,-31.83154296875
625,627.11646,-2.116455078125
5058,4957.4526,100.54736328125
1221,1420.5078,-199.5078125
552,539.7644,12.235595703125
530,535.501,-5.5009765625
3734,3627.782,106.218017578125
7880,7343.6357,536.3642578125
16239,19311.596,-3072.595703125
1234,1326.6389,-92.638916015625
1665,1888.8115,-223.8115234375
4633,4812.935,-179.93505859375
1289,1491.0032,-202.003173828125
484,590.7534,-106.75341796875
5072,5077.1606,-5.16064453125
5741,5849.315,-108.31494140625
1938,1997.7556,-59.755615234375
975,1057.1084,-82.1083984375
918,968.5073,-50.50732421875
804,880.5039,-76.50390625
1818,1974.6276,-156.6275634765625
13813,13679.049,133.951171875
7362,6830.707,531.29296875
8706,8989.29,-283.2900390625
1240,1196.271,43.72900390625
645,723.0747,-78.07470703125
746,828.2014,-82.201416015625
2912,3720.0889,-808.0888671875
645,731.812,-86.81201171875
2310,2237.7769,72.22314453125
1226,1476.8091,-250.80908203125
2275,2261.761,13.239013671875
3549,3635.3408,-86.3408203125
5364,5731.2075,-367.20751953125
704,941.02783,-237.02783203125
8532,8692.771,-160.771484375
3577,3946.0156,-369.015625
949,876.7649,72.235107421875
1640,1495.1538,144.84619140625
6275,5421.17,853.830078125
536,541.22266,-5.22265625
394,330.31226,63.687744140625
7415,8057.573,-642.5732421875
17062,16341.816,720.18359375
487,416.5647,70.435302734375
2511,2558.0312,-47.03125
1013,813.6697,199.330322265625
5274,4910.87,363.1298828125
650,654.3699,-4.369873046875
593,504.18555,88.814453125
900,728.6865,171.3134765625
3705,3652.5068,52.4931640625
1161,1428.3135,-267.3134765625
545,475.7129,69.287109375
8629,8116.917,512.0830078125
477,537.5513,-60.55126953125
411,476.40845,-65.408447265625
1112,1002.29224,109.707763671875
1655,1738.063,-83.06298828125
1656,1609.8914,46.108642578125
8387,7625.298,761.7021484375
2041,1943.8058,97.1942138671875
1600,1657.6841,-57.68408203125
1333,1460.9324,-127.932373046875
10064,11095.905,-1031.9052734375
1637,1663.1248,-26.124755859375
4712,5120.174,-408.173828125
6509,6660.0273,-151.02734375
686,708.2849,-22.284912109375
4425,4532.7725,-107.7724609375
15691,15997.553,-306.552734375
812,736.4531,75.546875
2184,2241.4575,-57.45751953125
1060,1190.865,-130.864990234375
17889,15816.299,2072.701171875
889,1124.9971,-235.9970703125
4617,4104.8594,512.140625
620,631.90845,-11.908447265625
3423,2942.9236,480.076416015625
647,724.17017,-77.170166015625
3528,3822.7922,-294.792236328125
706,855.9197,-149.919677734375
911,724.49805,186.501953125
609,581.69434,27.3056640625
11746,13003.295,-1257.294921875
5264,5235.8877,28.1123046875
1257,1453.5498,-196.5498046875
3873,4714.666,-841.666015625
877,980.62354,-103.62353515625
2297,2431.8477,-134.84765625
1376,1420.811,-44.81103515625
485,504.5537,-19.5537109375
4951,4140.7275,810.2724609375
692,828.2063,-136.206298828125
14402,13822.095,579.9052734375
464,495.1167,-31.11669921875
3593,3801.82,-208.820068359375
8099,7235.1826,863.8173828125
709,563.9121,145.087890625
6794,6610.911,183.0888671875
2761,2986.9905,-225.990478515625
1789,1788.0652,0.934814453125
582,690.24243,-108.242431640625
944,1130.1155,-186.115478515625
14071,14013.941,57.05859375
7293,7496.1523,-203.15234375
6887,6878.8936,8.1064453125
810,980.5967,-170.5966796875
500,472.7505,27.24951171875
4060,4425.495,-365.4951171875
847,964.4038,-117.40380859375
873,1161.2937,-288.293701171875
1608,1732.5498,-124.5498046875
5331,5372.8604,-41.8603515625
4559,4652.6836,-93.68359375
4200,4378.242,-178.2421875
1949,1934.8011,14.1988525390625
1092,1094.6287,-2.628662109375
982,737.1782,244.82177734375
2985,2965.4395,19.560546875
1626,1305.873,320.126953125
2485,2558.838,-73.837890625
2555,2767.9424,-212.9423828125
5364,5254.711,109.2890625
1607,1730.1538,-123.15380859375
2554,2716.4146,-162.41455078125
1867,2138.0574,-271.057373046875
1020,1029.1829,-9.182861328125
8858,10067.105,-1209.10546875
1436,1311.4502,124.5498046875
1816,2033.5917,-217.5916748046875
2776,2519.4355,256.564453125
1445,1611.5386,-166.53857421875
5889,5627.9736,261.0263671875
4707,4479.949,227.05078125
6013,6611.4473,-598.447265625
2708,2548.2893,159.710693359375
4709,4658.849,50.15087890625
1438,1406.8438,31.15625
651,602.97925,48.020751953125
2167,2237.2075,-70.20751953125
698,522.4009,175.59912109375
2822,2598.2783,223.7216796875
1066,801.9956,264.00439453125
5610,6474.3604,-864.3603515625
12862,13059.103,-197.1025390625
9921,10430.439,-509.439453125
803,714.66187,88.338134765625
2498,2361.6006,136.3994140625
1241,1440.6323,-199.63232421875
3484,3681.0786,-197.07861328125
5040,5042.986,-2.98583984375
1904,1784.7339,119.26611328125
672,621.17896,50.821044921875
4836,4834.597,1.40283203125
4514,4991.49,-477.490234375
2797,2818.4038,-21.40380859375
5996,5756.299,239.701171875
1255,1395.9736,-140.9736328125
4238,4283.8564,-45.8564453125
4106,4161.379,-55.37890625
523,535.20386,-12.203857421875
8998,9007.888,-9.8876953125
6810,9660.776,-2850.7763671875
1605,1581.2512,23.748779296875
7106,6882.3633,223.63671875
7778,8169.1094,-391.109375
2565,2609.8662,-44.8662109375
1092,967.1897,124.810302734375
443,477.8628,-34.86279296875
756,1063.2585,-307.258544921875
15338,15910.746,-572.74609375
710,735.08887,-25.0888671875
1654,1732.5417,-78.541748046875
1920,1985.7737,-65.773681640625
591,512.51196,78.488037109375
817,970.05884,-153.058837890625
814,863.6931,-49.693115234375
1273,1395.2219,-122.221923828125
3478,3430.1987,47.80126953125
4827,5843.371,-1016.37109375
2290,2198.0193,91.980712890625
2012,1942.8324,69.1676025390625
475,292.06177,182.938232421875
708,723.23584,-15.23583984375
2446,2693.2278,-247.227783203125
7841,7748.2197,92.7802734375
730,754.4783,-24.478271484375
959,941.1118,17.88818359375
4375,4336.3813,38.61865234375
8569,9068.46,-499.4599609375
11227,10102.01,1124.990234375
3250,3287.3386,-37.338623046875
2063,2003.1272,59.872802734375
2668,2148.6323,519.36767578125
583,560.0752,22.9248046875
1708,1614.291,93.708984375
720,883.9048,-163.90478515625
1094,957.14136,136.858642578125
698,534.833,163.1669921875
583,642.7129,-59.712890625
1569,1508.7483,60.251708984375
2803,3137.8574,-334.857421875
15083,16351.507,-1268.5068359375
13291,13378.564,-87.564453125
882,869.0835,12.91650390625
986,1238.8184,-252.818359375
4269,4301.318,-32.31787109375
828,765.8611,62.138916015625
2360,2519.5508,-159.55078125
2793,2796.7852,-3.78515625
3671,3284.9902,386.009765625
1033,862.91895,170.0810546875
663,738.35693,-75.35693359375
8930,7826.9644,1103.03564453125
645,570.71533,74.28466796875
5331,6401.6006,-1070.6005859375
4260,5021.127,-761.126953125
3816,3845.087,-29.0869140625
4304,4430.651,-126.65087890625
6522,6768.832,-246.83203125
422,403.04102,18.958984375
463,576.6975,-113.697509765625
757,1221.3589,-464.35888671875
1350,1313.7991,36.200927734375
4328,5205.0986,-877.0986328125
583,621.3989,-38.39892578125
706,770.99023,-64.990234375
17405,17908.94,-503.939453125
5233,5413.8076,-180.8076171875
11746,12403.718,-657.7177734375
9896,11445.597,-1549.5966796875
1952,2125.4932,-173.4931640625
5712,5691.974,20.02587890625
1605,1345.2366,259.763427734375
775,880.9961,-105.99609375
4516,5832.05,-1316.0498046875
1741,1978.1367,-237.13671875
663,610.1675,52.83251953125
2646,2545.8208,100.17919921875
1134,1157.4783,-23.478271484375
752,860.416,-108.416015625
8705,8725.8,-20.7998046875
1212,1198.8369,13.1630859375
7701,7734.1797,-33.1796875
658,657.8218,0.17822265625
13850,13917.883,-67.8828125
1732,1917.509,-185.509033203125
735,767.0454,-32.04541015625
911,742.9822,168.017822265625
1687,1526.7852,160.21484375
15460,15597.332,-137.33203125
5747,5946.0146,-199.0146484375
2594,2928.4678,-334.4677734375
844,660.48,183.52001953125
5287,5028.8843,258.11572265625
5538,5448.7954,89.20458984375
4586,4788.8057,-202.8056640625
1024,1044.6909,-20.69091796875
2587,2589.95,-2.949951171875
524,558.17163,-34.171630859375
945,783.876,161.1240234375
1737,2080.912,-343.912109375
658,942.6531,-284.653076171875
800,869.1394,-69.139404296875
18206,16078.964,2127.0361328125
5501,5990.0986,-489.0986328125
3114,3224.7036,-110.70361328125
1601,1679.1611,-78.1611328125
1690,1912.8616,-222.861572265625
631,700.2954,-69.29541015625
2548,2428.8032,119.19677734375
10833,14978.118,-4145.1181640625
526,560.45776,-34.457763671875
622,650.9409,-28.94091796875
4536,3875.4912,660.5087890625
6342,5574.6997,767.30029296875
730,739.0498,-9.0498046875
9741,12271.263,-2530.2626953125
7812,7158.659,653.3408203125
12468,16334.497,-3866.4970703125
7293,9091.252,-1798.251953125
1041,909.9839,131.01611328125
827,884.7197,-57.7197265625
1286,1086.887,199.113037109375
1052,1081.9504,-29.950439453125
6933,6833.247,99.7529296875
3368,3512.3127,-144.312744140625
538,598.23364,-60.233642578125
743,610.7593,132.24072265625
530,512.03345,17.966552734375
13777,13824.585,-47.5849609375
672,692.0935,-20.093505859375
2168,2252.5815,-84.58154296875
1919,1758.3359,160.6640625
2375,3307.805,-932.804931640625
772,903.42285,-131.4228515625
507,514.6045,-7.6044921875
675,593.334,81.666015625
580,572.2573,7.74267578125
645,666.0137,-21.013671875
1121,1008.4441,112.555908203125
1838,1788.1531,49.846923828125
4981,4982.6826,-1.6826171875
1598,1439.8594,158.140625
1800,1612.2986,187.701416015625
671,702.5681,-31.568115234375
4130,4138.636,-8.63623046875
5538,5529.68,8.31982421875
6098,6399.842,-301.841796875
4113,4144.9927,-31.99267578125
14308,14566.965,-258.96484375
433,449.02075,-16.020751953125
4382,4038.9756,343.0244140625
2958,3092.104,-134.10400390625
3737,4517.5522,-780.55224609375
4624,4855.458,-231.4580078125
1624,1574.7771,49.222900390625
491,698.03345,-207.033447265625
6168,5517.9175,650.08251953125
1295,1305.8054,-10.805419921875
1115,1097.3049,17.695068359375
4677,3898.3516,778.6484375
4434,4397.085,36.9150390625
5148,4619.6973,528.302734375
5819,5877.2534,-58.25341796875
454,554.6333,-100.63330078125
413,439.16797,-26.16796875
5795,5740.467,54.533203125
1980,1918.8113,61.188720703125
810,737.3562,72.643798828125
8778,7888.539,889.4609375
3951,4112.7383,-161.73828125
3328,3197.9446,130.055419921875
3242,3656.4617,-414.461669921875
10963,12337.527,-1374.52734375
526,487.8296,38.17041015625
2053,1836.6909,216.30908203125
16960,15644.633,1315.3671875
734,762.36597,-28.365966796875
1103,1249.4258,-146.42578125
3011,2900.4617,110.538330078125
1264,1413.0496,-149.049560546875
1624,1410.115,213.885009765625
3566,3887.4653,-321.46533203125
1238,1438.1421,-200.14208984375
878,680.5276,197.472412109375
18700,17661.51,1038.490234375
5494,5556.8867,-62.88671875
14182,15932.736,-1750.736328125
971,862.6421,108.35791015625
1386,1251.9392,134.060791015625
773,898.7781,-125.778076171875
8079,7042.1216,1036.87841796875
1935,1789.7542,145.245849609375
4078,4447.7534,-369.75341796875
749,670.2012,78.798828125
10738,10866.392,-128.3916015625
6751,6089.4595,661.54052734375
2016,1857.0757,158.92431640625
8602,8151.954,450.0458984375
1097,1196.1741,-99.174072265625
4712,4682.5474,29.45263671875
4419,4874.329,-455.3291015625
2144,2613.5703,-469.5703125
1199,1028.3513,170.648681640625
627,477.5547,149.4453125
5532,5534.533,-2.533203125
558,501.9563,56.043701171875
16240,14995.369,1244.630859375
1340,1419.4653,-79.46533203125
2889,3057.8186,-168.818603515625
12844,16462.143,-3618.142578125
2092,2237.5916,-145.591552734375
2041,2274.7651,-233.76513671875
3461,4015.4043,-554.404296875
9640,9899.055,-259.0546875
3502,3455.1687,46.831298828125
3009,2809.9204,199.07958984375
776,621.8557,154.144287109375
2198,2318.4175,-120.41748046875
777,906.1758,-129.17578125
3540,4264.048,-724.0478515625
391,415.42993,-24.429931640625
573,475.7019,97.298095703125
16256,16578.354,-322.353515625
8720,9369.789,-649.7890625
504,550.209,-46.208984375
766,912.56836,-146.568359375
3412,3572.5,-160.5
7429,8560.454,-1131.4541015625
16626,16471.045,154.955078125
2657,3053.4062,-396.40625
621,679.56055,-58.560546875
13623,14229.026,-606.0263671875
1845,1681.2034,163.796630859375
1268,1275.5564,-7.556396484375
1702,1834.6221,-132.6220703125
4192,4330.25,-138.25
1935,1775.0813,159.918701171875
1356,1266.4307,89.5693359375
1375,1271.2686,103.7314453125
7368,7427.6953,-59.6953125
665,667.3347,-2.334716796875
802,704.87305,97.126953125
485,471.7771,13.222900390625
5952,6067.493,-115.4931640625
746,889.99243,-143.992431640625
1359,1398.6299,-39.6298828125
1546,1450.7295,95.2705078125
7583,8024.7354,-441.7353515625
680,703.09863,-23.0986328125
3342,3480.5781,-138.578125
7453,7952.8276,-499.82763671875
719,738.68994,-19.68994140625
1685,1517.1572,167.8427734375
2276,2395.2573,-119.25732421875
1143,1251.0054,-108.00537109375
12584,13938.748,-1354.748046875
9026,8790.188,235.8115234375
1607,1505.9314,101.068603515625
891,936.0867,-45.086669921875
3567,4261.524,-694.52392578125
665,689.4839,-24.48388671875
789,925.501,-136.5009765625
3895,3922.929,-27.928955078125
714,809.2241,-95.22412109375
3300,3346.7542,-46.754150390625
2918,3419.2673,-501.267333984375
2716,2777.024,-61.02392578125
709,605.32446,103.675537109375
6144,6962.755,-818.7548828125
367,445.80103,-78.801025390625
672,757.5405,-85.54052734375
886,959.5481,-73.548095703125
579,361.67944,217.320556640625
2041,2068.041,-27.041015625
1784,1372.186,411.81396484375
2161,2488.8115,-327.8115234375
18426,16403.426,2022.57421875
9562,8487.631,1074.369140625
2695,3112.0903,-417.09033203125
8341,8493.956,-152.9560546875
3941,4037.148,-96.14794921875
625,740.17163,-115.171630859375
952,948.687,3.31298828125
603,694.89404,-91.89404296875
2681,2719.8298,-38.829833984375
7815,7179.7036,635.29638671875
2328,2438.454,-110.4541015625
5242,5432.7495,-190.74951171875
755,587.8142,167.185791015625
2835,3057.8997,-222.899658203125
1013,971.91235,41.087646484375
9867,8671.402,1195.59765625
3543,3477.9326,65.0673828125
5430,5072.197,357.80322265625
5189,5987.5854,-798.58544921875
4601,5785.9004,-1184.900390625
466,510.46753,-44.467529296875
2882,3036.9788,-154.978759765625
3091,3112.5942,-21.59423828125
824,863.4331,-39.43310546875
2768,3107.2192,-339.21923828125
13162,12454.662,707.337890625
18731,18750.16,-19.16015625
5029,4214.2075,814.79248046875
1230,1440.9263,-210.92626953125
1279,1276.321,2.678955078125
605,722.4536,-117.45361328125
2100,2469.8306,-369.83056640625
380,477.2527,-97.252685546875
5841,4915.0566,925.943359375
2578,2690.7769,-112.77685546875
1706,1649.521,56.47900390625
1687,1535.9319,151.068115234375
683,732.1492,-49.149169921875
12268,12357.162,-89.162109375
828,792.64087,35.359130859375
608,659.64526,-51.645263671875
6607,6258.7324,348.267578125
933,903.1052,29.894775390625
3006,2912.0718,93.92822265625
6257,5908.4707,348.529296875
4466,4554.9873,-88.9873046875
6066,6630.322,-564.32177734375
2539,2701.5044,-162.50439453125
2613,2885.6025,-272.6025390625
5518,6040.7,-522.7001953125
1273,1294.8083,-21.808349609375
1828,2135.5562,-307.55615234375
8415,7269.91,1145.08984375
8759,8437.425,321.5751953125
4155,3938.9785,216.021484375
548,563.13574,-15.1357421875
959,941.51953,17.48046875
1790,1952.181,-162.1810302734375
945,1262.8137,-317.813720703125
4543,4262.7344,280.265625
3360,2907.8975,452.1025390625
6183,6422.967,-239.966796875
524,655.6377,-131.6376953125
8901,8543.426,357.57421875
9069,8612.23,456.76953125
1920,1845.1396,74.8603515625
3534,4146.7275,-612.7275390625
589,673.39233,-84.392333984375
786,961.01855,-175.0185546875
3720,3779.684,-59.68408203125
641,604.50244,36.49755859375
4755,4627.3857,127.6142578125
3977,4025.5813,-48.581298828125
4268,4364.2207,-96.220703125
544,517.7107,26.289306640625
1949,1897.8632,51.1368408203125
13155,14984.881,-1829.880859375
1112,948.94165,163.058349609375
5728,5743.7036,-15.70361328125
790,707.5681,82.431884765625
421,345.1289,75.87109375
838,923.92114,-85.921142578125
702,749.16187,-47.161865234375
4749,4874.1685,-125.16845703125
10959,10431.464,527.5361328125
506,601.59814,-95.59814453125
1367,1609.4434,-242.443359375
574,509.33887,64.6611328125
597,688.59375,-91.59375
828,676.5049,151.4951171875
9391,8729.196,661.8037109375
565,506.5337,58.46630859375
1268,1297.5295,-29.529541015625
6494,6197.11,296.89013671875
961,1211.6533,-250.6533203125
1893,2125.3647,-232.36474609375
5478,5760.7744,-282.7744140625
10982,13339.063,-2357.0634765625
787,854.42505,-67.425048828125
1591,1537.9604,53.03955078125
7088,7549.832,-461.83203125
2850,2041.4877,808.5123291015625
943,1115.8896,-172.8896484375
9972,8773.208,1198.7919921875
2456,2357.2493,98.750732421875
774,682.08887,91.9111328125
1243,1270.7615,-27.761474609375
686,821.76904,-135.76904296875
947,931.4116,15.58837890625
734,740.4231,-6.423095703125
4657,4781.135,-124.134765625
961,1064.0042,-103.004150390625
5588,5546.228,41.77197265625
731,635.68604,95.31396484375
561,558.0254,2.974609375
1226,1324.1326,-98.132568359375
6241,6459.0176,-218.017578125
1999,2204.5586,-205.55859375
12765,16994.357,-4229.357421875
664,771.3367,-107.336669921875
16239,17307.076,-1068.076171875
2052,1964.8505,87.1495361328125
574,505.97656,68.0234375
625,647.85645,-22.8564453125
853,973.22217,-120.22216796875
3716,3643.9954,72.004638671875
7557,7252.5615,304.4384765625
816,813.54956,2.450439453125
4028,4320.6074,-292.607421875
533,578.50684,-45.5068359375
707,683.49316,23.5068359375
6492,7026.3916,-534.3916015625
1577,1521.0422,55.957763671875
2633,2656.7422,-23.7421875
3941,3771.0798,169.920166015625
8640,12246.348,-3606.34765625
878,763.2639,114.736083984375
844,937.9558,-93.955810546875
3214,3566.1528,-352.15283203125
2897,3367.6765,-470.676513671875
1687,1526.9707,160.029296875
933,918.01294,14.987060546875
16364,13429.043,2934.95703125
675,510.39282,164.607177734375
3770,3480.1748,289.8251953125
803,717.8137,85.186279296875
3459,3427.037,31.962890625
612,882.1516,-270.151611328125
1668,1518.6218,149.378173828125
617,798.3533,-181.353271484375
4868,4873.1924,-5.1923828125
702,748.56226,-46.562255859375
1388,1560.2234,-172.223388671875
4135,4246.8374,-111.83740234375
698,587.3992,110.600830078125
4725,6026.1694,-1301.16943359375
1261,1273.5371,-12.537109375
1061,891.8823,169.11767578125
720,710.59985,9.400146484375
957,1206.2368,-249.23681640625
2166,2233.624,-67.6240234375
1701,1719.3484,-18.348388671875
1097,1312.0437,-215.043701171875
799,860.85693,-61.85693359375
9401,9584.34,-183.33984375
15792,15013.731,778.2685546875
491,454.28735,36.712646484375
12495,11073.256,1421.744140625
1331,1437.6426,-106.642578125
3706,3975.989,-269.989013671875
945,1076.1733,-131.17333984375
765,765.6304,-0.63037109375
2905,3113.3298,-208.329833984375
6368,6501.99,-133.990234375
5661,6335.8994,-674.8994140625
1840,2093.819,-253.819091796875
899,1037.2029,-138.202880859375
770,673.79736,96.20263671875
2137,2554.6665,-417.66650390625
1232,1152.479,79.52099609375
956,922.2737,33.726318359375
1274,1527.0078,-253.0078125
1648,1678.1179,-30.117919921875
2846,2887.2307,-41.230712890625
1558,1405.7571,152.242919921875
1007,1067.2754,-60.275390625
682,652.89087,29.109130859375
2179,1916.6359,262.3641357421875
603,759.68994,-156.68994140625
844,718.6272,125.372802734375
9908,9187.297,720.703125
7847,9318.379,-1471.37890625
11975,13996.743,-2021.7431640625
1793,1768.9819,24.01806640625
3740,3695.866,44.134033203125
533,557.67456,-24.674560546875
2681,3059.6514,-378.6513671875
10752,11473.627,-721.626953125
1665,1614.1165,50.883544921875
11415,11619.272,-204.2724609375
2188,2265.1973,-77.197265625
4400,4315.426,84.57421875
847,923.36694,-76.366943359375
3197,2609.059,587.94091796875
2422,2906.8213,-484.8212890625
3726,3533.7144,192.28564453125
8265,8406.588,-141.587890625
1333,1366.0334,-33.033447265625
928,736.9636,191.036376953125
4140,4645.9346,-505.9345703125
5010,5140.5986,-130.5986328125
1728,1694.1843,33.815673828125
1402,1645.4565,-243.45654296875
5050,5395.0107,-345.0107421875
945,647.6333,297.36669921875
2642,3168.8928,-526.892822265625
2254,2425.2236,-171.2236328125
13485,12888.119,596.880859375
2222,2661.139,-439.138916015625
8398,8422.069,-24.0693359375
1860,1774.3733,85.626708984375
629,803.4592,-174.459228515625
6833,6128.0303,704.9697265625
655,656.3357,-1.335693359375
720,640.7676,79.232421875
1124,979.8628,144.13720703125
11322,10622.926,699.07421875
2198,2377.4292,-179.42919921875
1069,1002.29126,66.708740234375
2952,2899.3823,52.61767578125
3025,3477.7441,-452.744140625
2873,2914.9844,-41.984375
1815,1795.3643,19.6357421875
1952,1978.583,-26.5830078125
11730,12519.122,-789.1220703125
4299,4514.664,-215.6640625
4521,4733.807,-212.80712890625
2389,2452.391,-63.39111328125
900,737.03125,162.96875
1300,1147.1592,152.8408203125
1593,1794.364,-201.364013671875
15508,16047.397,-539.3974609375
1304,1306.572,-2.572021484375
1221,1219.544,1.4560546875
4704,4182.3154,521.6845703125
6199,5928.4727,270.52734375
910,1024.7979,-114.7978515625
1016,941.574,74.426025390625
1911,1910.2031,0.796875
855,812.9148,42.085205078125
838,1045.7063,-207.706298828125
421,456.39697,-35.39697265625
863,879.2217,-16.2216796875
1235,1491.9294,-256.929443359375
505,413.32788,91.672119140625
17393,15505.708,1887.2919921875
2220,2360.751,-140.7509765625
2512,2756.2168,-244.216796875
2624,2564.5073,59.49267578125
2488,2259.21,228.7900390625
4931,5117.249,-186.2490234375
13498,14762.076,-1264.076171875
6204,6066.3384,137.66162109375
2121,1964.6425,156.3575439453125
2098,2050.7573,47.24267578125
7125,6821.285,303.71484375
1827,1882.5656,-55.5655517578125
6105,5633.374,471.6259765625
6607,6816.2393,-209.2392578125
1928,2223.3394,-295.33935546875
1308,1253.5051,54.494873046875
827,820.5371,6.462890625
1644,1994.1361,-350.1361083984375
4559,5135.9365,-576.9365234375
524,607.5427,-83.542724609375
2966,3348.835,-382.8349609375
1636,1772.2402,-136.240234375
8431,8286.502,144.498046875
698,506.45093,191.549072265625
5963,7287.8735,-1324.87353515625
766,784.82935,-18.829345703125
756,572.92163,183.078369140625
3967,4147.2847,-180.28466796875
583,520.4385,62.5615234375
2494,2628.8152,-134.815185546875
15022,16076.406,-1054.40625
2239,2220.5894,18.41064453125
5385,5531.3,-146.2998046875
630,646.1338,-16.1337890625
803,859.89014,-56.89013671875
1314,1314.1187,-0.11865234375
738,841.1953,-103.1953125
3001,3003.646,-2.64599609375
589,545.94604,43.053955078125
492,601.7007,-109.70068359375
5139,5883.8657,-744.86572265625
5808,4890.1533,917.8466796875
2950,3166.8394,-216.83935546875
574,450.70386,123.296142578125
1202,1282.3792,-80.379150390625
1134,1149.5684,-15.568359375
4191,4142.0,49.0
924,880.7988,43.201171875
882,848.95703,33.04296875
1974,1805.5208,168.479248046875
4428,4442.5503,-14.55029296875
625,789.64795,-164.64794921875
1872,1744.8728,127.127197265625
710,715.43335,-5.433349609375
1697,1665.4058,31.59423828125
4113,3842.2678,270.732177734375
1107,1036.3616,70.638427734375
972,760.23,211.77001953125
7687,7565.8945,121.10546875
2847,2941.941,-94.94091796875
7200,7152.5303,47.4697265625
419,404.62695,14.373046875
1439,1600.5134,-161.513427734375
3994,3834.864,159.135986328125
1433,1470.4639,-37.4638671875
7540,6792.976,747.02392578125
1338,1124.8689,213.131103515625
5750,4501.5254,1248.474609375
4788,5040.1855,-252.185546875
4879,4910.4453,-31.4453125
11666,11079.269,586.7314453125
1050,1090.3589,-40.35888671875
4138,4238.223,-100.22314453125
487,452.20386,34.796142578125
6340,6486.0435,-146.04345703125
2717,3147.217,-430.217041015625
1419,1639.6951,-220.695068359375
740,712.728,27.27197265625
1153,1237.8762,-84.876220703125
16036,16039.876,-3.8759765625
680,676.8115,3.1884765625
7341,7008.197,332.80322265625
3985,3933.7856,51.21435546875
2494,2770.0427,-276.042724609375
4285,3927.882,357.117919921875
851,745.594,105.406005859375
1933,2261.092,-328.092041015625
4118,3944.2097,173.790283203125
604,541.9614,62.03857421875
3635,3357.2705,277.7294921875
1886,2144.8887,-258.888671875
574,547.43945,26.560546875
8060,7695.545,364.455078125
766,997.697,-231.697021484375
758,779.2964,-21.29638671875
1912,2181.4485,-269.448486328125
2387,2212.5034,174.49658203125
12927,13258.446,-331.4462890625
5952,6185.496,-233.49609375
537,512.20435,24.795654296875
6332,6081.359,250.64111328125
1669,1962.6115,-293.6114501953125
3967,4919.315,-952.31494140625
614,755.05347,-141.053466796875
5839,6153.0654,-314.0654296875
1082,1144.5784,-62.578369140625
10368,10796.849,-428.8486328125
4416,4798.2134,-382.21337890625
3878,4262.965,-384.96484375
1721,1357.896,363.10400390625
4140,4283.9966,-143.99658203125
1115,1296.4265,-181.426513671875
2865,3244.9138,-379.913818359375
2874,3246.3347,-372.334716796875
2438,2578.7666,-140.7666015625
625,652.48315,-27.483154296875
2539,2839.6016,-300.6015625
3352,2792.9292,559.07080078125
644,671.64136,-27.641357421875
4455,4314.163,140.8369140625
497,495.17993,1.820068359375
540,577.67847,-37.678466796875
10807,11271.459,-464.458984375
1028,1144.9507,-116.95068359375
1715,1749.0225,-34.0224609375
17825,15152.7,2672.2998046875
4860,5410.7114,-550.71142578125
770,685.5696,84.430419921875
3377,3408.8643,-31.8642578125
3337,3223.4849,113.51513671875
2329,2322.8208,6.17919921875
1743,1760.6504,-17.650390625
631,751.2241,-120.22412109375
603,667.36816,-64.3681640625
3526,3676.3403,-150.34033203125
4043,4337.416,-294.416015625
9115,9441.427,-326.4267578125
2753,2621.4849,131.51513671875
2369,2373.4624,-4.46240234375
9116,9222.963,-106.962890625
1232,1214.3291,17.6708984375
10556,11332.36,-776.3603515625
828,790.82837,37.171630859375
5077,5168.257,-91.2568359375
2386,3090.024,-704.02392578125
2283,2372.6719,-89.671875
1156,1445.4338,-289.433837890625
776,627.75,148.25
1919,1746.8608,172.13916015625
3315,3355.768,-40.76806640625
5665,6098.6807,-433.6806640625
6441,6498.2725,-57.2724609375
12736,14018.375,-1282.375
849,1105.334,-256.333984375
4381,4646.9165,-265.91650390625
1904,2056.0352,-152.03515625
9581,10313.504,-732.50390625
1408,1562.8887,-154.888671875
7730,7714.3213,15.6787109375
8110,8276.043,-166.04296875
3450,4195.2256,-745.2255859375
1031,1077.4863,-46.486328125
1053,1019.4458,33.55419921875
727,635.3342,91.665771484375
2679,2954.6665,-275.66650390625
461,383.37158,77.62841796875
5393,4639.6943,753.3056640625
10693,11933.681,-1240.6806640625
4956,5054.333,-98.3330078125
3534,3497.6301,36.369873046875
807,921.6521,-114.652099609375
2925,3413.4543,-488.454345703125
10316,9568.837,747.1630859375
477,579.74146,-102.741455078125
5014,5265.1787,-251.1787109375
854,723.9983,130.001708984375
6022,5923.468,98.5322265625
5871,7044.9756,-1173.9755859375
4766,4443.6675,322.33251953125
1728,1997.2921,-269.2921142578125
2699,2141.351,557.64892578125
891,978.7241,-87.72412109375
1162,1073.0974,88.902587890625
4276,5342.082,-1066.08203125
8210,9164.833,-954.8330078125
4368,4046.4075,321.592529296875
1885,2227.8628,-342.86279296875
1737,1954.7317,-217.731689453125
10019,10166.535,-147.53515625
9907,9392.03,514.9697265625
3465,3731.0203,-266.020263671875
764,813.36206,-49.362060546875
439,349.21338,89.78662109375
1580,1547.4866,32.513427734375
8854,10244.678,-1390.677734375
2263,2421.1445,-158.14453125
696,607.7583,88.24169921875
1087,1064.6919,22.30810546875
1599,1710.2378,-111.23779296875
625,672.0642,-47.064208984375
1073,1261.5684,-188.568359375
3220,4658.882,-1438.8818359375
843,997.81323,-154.813232421875
3123,3136.2622,-13.26220703125
544,556.1841,-12.18408203125
848,1097.5618,-249.561767578125
4678,4807.469,-129.46923828125
1662,1757.0635,-95.0634765625
4805,4897.7793,-92.779296875
1331,1204.0278,126.97216796875
743,575.49,167.510009765625
6416,6328.8237,87.17626953125
721,811.2283,-90.228271484375
6032,5916.046,115.9541015625
432,323.60034,108.399658203125
4173,4051.5034,121.49658203125
8552,7716.8394,835.16064453125
5167,6085.124,-918.1240234375
3951,4754.0264,-803.0263671875
2311,2710.2832,-399.283203125
17126,15814.766,1311.234375
4092,4078.8872,13.11279296875
10084,13203.741,-3119.7412109375
6424,6674.63,-250.6298828125
485,479.49756,5.50244140625
485,513.8154,-28.8154296875
1886,1869.1101,16.889892578125
6505,6588.4355,-83.435546875
999,956.0344,42.965576171875
882,830.1394,51.860595703125
1079,1121.8586,-42.858642578125
1787,1698.2668,88.733154296875
5653,5371.663,281.3369140625
1728,1819.2644,-91.264404296875
4242,4478.398,-236.39794921875
17339,16927.125,411.875
3861,4355.1133,-494.11328125
6979,7636.4756,-657.4755859375
1013,912.7449,100.255126953125
1114,1096.6592,17.3408203125
1897,1965.3875,-68.387451171875
1208,1139.3247,68.67529296875
5816,6066.953,-250.953125
5122,4812.748,309.251953125
802,901.24854,-99.24853515625
693,723.65283,-30.65283203125
1190,1129.6655,60.33447265625
5370,5986.8525,-616.8525390625
4972,5665.6035,-693.603515625
833,879.7737,-46.773681640625
432,363.7024,68.297607421875
2717,2700.378,16.6220703125
4620,4915.9326,-295.9326171875
725,717.8838,7.1162109375
805,834.8406,-29.840576171875
11406,11485.23,-79.23046875
6295,6478.504,-183.50390625
2513,2590.3872,-77.38720703125
12566,13562.094,-996.09375
7334,7067.383,266.6171875
2800,2682.6582,117.341796875
707,764.42065,-57.420654296875
1171,1159.8147,11.185302734375
9289,9874.637,-585.63671875
10947,10717.341,229.6591796875
1650,1658.3752,-8.375244140625
7695,10362.238,-2667.23828125
1808,2151.87,-343.8701171875
3780,3407.8345,372.16552734375
4264,4406.48,-142.47998046875
552,680.40894,-128.408935546875
4672,4688.9673,-16.96728515625
1942,2086.3833,-144.38330078125
2513,2790.6885,-277.6884765625
2523,2462.163,60.8369140625
7198,7091.473,106.52685546875
2648,2624.822,23.177978515625
2559,2824.101,-265.10107421875
816,770.66626,45.333740234375
2504,2585.8247,-81.82470703125
1053,1070.8574,-17.857421875
4798,4811.1445,-13.14453125
7812,7334.2935,477.70654296875
3672,3857.0286,-185.028564453125
2606,2571.7388,34.26123046875
2550,2508.0508,41.94921875
13200,14563.612,-1363.6123046875
7882,9259.173,-1377.1728515625
6315,6207.7314,107.2685546875
5502,6078.208,-576.2080078125
4801,4692.425,108.5751953125
12880,11784.0205,1095.9794921875
1864,1795.5107,68.4892578125
5902,7326.1875,-1424.1875
491,368.51538,122.484619140625
665,658.20605,6.7939453125
3991,4825.482,-834.48193359375
3281,4008.168,-727.16796875
473,547.1658,-74.165771484375
4240,4689.4395,-449.439453125
924,941.98315,-17.983154296875
1067,1000.8772,66.122802734375
2146,2052.316,93.68408203125
1698,2061.3267,-363.32666015625
579,753.57104,-174.571044921875
14711,15695.736,-984.736328125
8736,8341.935,394.0654296875
1787,1717.636,69.364013671875
1009,849.11084,159.88916015625
756,608.21045,147.78955078125
4586,4681.4424,-95.4423828125
421,453.60596,-32.60595703125
697,761.0427,-64.042724609375
649,787.1675,-138.16748046875
1784,1769.2739,14.72607421875
731,723.92896,7.071044921875
698,558.9636,139.036376953125
11268,10427.843,840.1572265625
545,651.0034,-106.00341796875
2272,2405.9626,-133.962646484375
2686,2666.7646,19.2353515625
1624,1613.8855,10.114501953125
827,861.459,-34.458984375
825,814.9546,10.04541015625
6797,6578.563,218.43701171875
2584,3206.6318,-622.6318359375
1602,1552.2471,49.7529296875
15217,16499.785,-1282.78515625
3282,3553.177,-271.177001953125
7389,7306.411,82.5888671875
3454,3619.584,-165.583984375
15092,18553.434,-3461.43359375
3142,4289.493,-1147.4931640625
2682,3136.3794,-454.37939453125
1388,1556.3857,-168.3857421875
1385,1413.3003,-28.30029296875
3846,4181.7876,-335.78759765625
14368,13989.651,378.3486328125
10304,10750.9795,-446.9794921875
633,697.1008,-64.100830078125
1562,1500.0281,61.971923828125
956,1069.6843,-113.684326171875
4594,5166.374,-572.3740234375
983,780.7722,202.227783203125
2873,3829.1594,-956.159423828125
972,796.55176,175.4482421875
15996,17498.713,-1502.712890625
926,956.1294,-30.12939453125
3007,2654.572,352.427978515625
5975,4910.6094,1064.390625
2158,2224.29,-66.2900390625
815,831.6802,-16.68017578125
4839,5015.7534,-176.75341796875
789,847.18506,-58.18505859375
4176,4633.4585,-457.45849609375
3095,3017.0776,77.92236328125
11514,11417.959,96.041015625
614,668.41943,-54.41943359375
4991,5140.838,-149.837890625
1762,1650.1724,111.82763671875
4381,4898.2817,-517.28173828125
999,1093.95,-94.949951171875
4507,4545.528,-38.52783203125
1050,1009.41626,40.583740234375
1436,1304.9172,131.082763671875
2550,3539.4436,-989.443603515625
755,939.9617,-184.961669921875
455,397.10034,57.899658203125
4578,5134.0254,-556.025390625
2225,2203.7568,21.2431640625
6689,5959.2744,729.7255859375
14611,14101.756,509.244140625
5020,4961.193,58.80712890625
596,625.3093,-29.309326171875
1689,1595.8308,93.169189453125
3803,3171.5044,631.49560546875
2698,2827.4355,-129.435546875
8780,9320.997,-540.9970703125
3926,4066.2615,-140.261474609375
469,445.79712,23.202880859375
855,773.24365,81.75634765625
3296,4406.6655,-1110.66552734375
1153,1118.9551,34.044921875
4668,5150.774,-482.77392578125
1754,1781.563,-27.56298828125
597,567.4509,29.549072265625
5795,5570.952,224.0478515625
2940,2826.0225,113.9775390625
5226,5469.3604,-243.3603515625
1637,1903.6056,-266.6055908203125
3648,3399.9656,248.034423828125
1621,1634.2546,-13.254638671875
15246,16167.491,-921.4912109375
1741,1817.554,-76.553955078125
1114,844.50195,269.498046875
2683,2797.061,-114.06103515625
2447,2551.8337,-104.833740234375
2583,2664.665,-81.6650390625
9821,10809.3,-988.2998046875
17617,16727.383,889.6171875
878,859.9629,18.037109375
695,666.15063,28.849365234375
3264,3340.0112,-76.01123046875
3998,3751.2185,246.781494140625
1228,1247.7351,-19.735107421875
11159,10818.521,340.478515625
666,778.7803,-112.7802734375
1129,1062.3291,66.6708984375
3231,3287.1973,-56.197265625
984,506.7937,477.206298828125
943,1075.8201,-132.820068359375
872,738.6343,133.36572265625
1637,1630.071,6.928955078125
1939,1915.531,23.468994140625
12403,12201.332,201.66796875
660,583.3889,76.611083984375
11594,9761.77,1832.23046875
709,594.324,114.676025390625
15840,18316.236,-2476.236328125
4755,4258.2085,496.79150390625
971,1161.2751,-190.275146484375
378,339.51807,38.48193359375
12766,17792.795,-5026.794921875
1375,1284.531,90.468994140625
975,1185.1492,-210.149169921875
10111,10023.59,87.41015625
625,659.3142,-34.314208984375
1235,1425.0425,-190.04248046875
2122,2664.9624,-542.96240234375
597,471.55396,125.446044921875
1001,1088.8845,-87.884521484375
1659,1890.9779,-231.9779052734375
8449,8808.65,-359.650390625
8362,8195.329,166.6708984375
14237,14198.675,38.3251953125
2303,1851.4072,451.5927734375
600,498.9436,101.056396484375
4144,3892.732,251.26806640625
419,412.64893,6.35107421875
830,1036.8447,-206.8447265625
560,678.91846,-118.91845703125
3176,2873.0542,302.94580078125
961,1021.95605,-60.9560546875
1340,1337.3328,2.667236328125
1433,1532.2773,-99.27734375
7836,7499.1514,336.8486328125
1080,1006.23193,73.76806640625
587,661.8218,-74.82177734375
2054,2529.606,-475.60595703125
13950,13497.018,452.982421875
618,491.61646,126.383544921875
3699,3690.3994,8.6005859375
5582,5809.0264,-227.0263671875
695,684.3567,10.643310546875
5724,5325.258,398.7421875
2358,2091.1714,266.82861328125
698,684.24585,13.754150390625
1210,1434.4595,-224.45947265625
5655,5798.2075,-143.20751953125
776,623.10815,152.891845703125
6206,5695.6094,510.390625
2596,2660.4058,-64.40576171875
10291,9535.642,755.3583984375
732,483.6438,248.356201171875
4723,4057.433,665.56689453125
4304,4871.73,-567.72998046875
1145,1139.7148,5.28515625
11756,12413.702,-657.7021484375
2393,2500.6848,-107.684814453125
1877,1914.8582,-37.858154296875
3922,4124.309,-202.30908203125
13275,16846.756,-3571.755859375
2505,2408.308,96.69189453125
13069,15712.431,-2643.4306640625
12591,13246.844,-655.84375
4918,5258.44,-340.43994140625
3162,3268.9155,-106.91552734375
776,668.70605,107.2939453125
4561,4556.089,4.9111328125
2676,2740.4229,-64.4228515625
1015,1257.9766,-242.9765625
938,1211.6033,-273.603271484375
1179,1060.8735,118.12646484375
872,716.7981,155.201904296875
1666,1685.093,-19.093017578125
430,430.1621,-0.162109375
3382,4154.5493,-772.54931640625
6545,6597.8555,-52.85546875
2673,2777.413,-104.4130859375
4751,4486.908,264.091796875
1154,1243.7925,-89.79248046875
7364,7133.0156,230.984375
3057,2734.351,322.64892578125
13921,13809.005,111.9951171875
13229,13672.054,-443.0537109375
5116,4862.229,253.77099609375
726,788.08203,-62.08203125
1354,1787.3894,-433.389404296875
1035,1142.116,-107.115966796875
672,462.01538,209.984619140625
12257,13203.907,-946.9072265625
788,769.156,18.843994140625
550,482.23413,67.765869140625
483,509.82495,-26.824951171875
14285,15837.9375,-1552.9375
5820,5587.9272,232.07275390625
12799,13491.39,-692.3896484375
10281,11221.949,-940.94921875
7503,7410.608,92.39208984375
5019,4232.2134,786.78662109375
1127,1258.1687,-131.168701171875
4851,4933.25,-82.25
1041,894.0596,146.9404296875
2760,2824.1147,-64.11474609375
8779,9008.893,-229.892578125
565,696.87134,-131.871337890625
4260,5056.4795,-796.4794921875
2218,1988.2075,229.79248046875
2683,2885.0132,-202.01318359375
1154,1252.3679,-98.367919921875
4459,4622.4224,-163.42236328125
3334,3364.1067,-30.106689453125
7137,7373.3057,-236.3056640625
18069,18789.963,-720.962890625
4312,4811.6953,-499.6953125
6612,6726.2095,-114.20947265625
2526,2680.0352,-154.03515625
779,880.1272,-101.127197265625
8232,8061.255,170.7451171875
2815,2698.1514,116.8486328125
1827,2269.063,-442.06298828125
1042,1089.6382,-47.63818359375
457,465.45654,-8.45654296875
647,483.61768,163.38232421875
4516,4691.8994,-175.8994140625
463,607.1687,-144.168701171875
462,561.00244,-99.00244140625
4539,5046.8535,-507.853515625
5890,5837.05,52.9501953125
452,477.02344,-25.0234375
878,570.522,307.47802734375
881,927.36914,-46.369140625
4989,5141.382,-152.3818359375
4784,5357.764,-573.76416015625
850,1014.34766,-164.34765625
2659,2957.7244,-298.724365234375
2215,2401.3125,-186.3125
373,358.4641,14.535888671875
1367,1673.3542,-306.354248046875
819,546.3174,272.6826171875
4176,4474.672,-298.671875
1056,1092.7686,-36.7685546875
680,702.41016,-22.41015625
5291,5139.3423,151.65771484375
1431,1406.0569,24.943115234375
2243,2509.0022,-266.002197265625
5311,4742.6953,568.3046875
2156,2398.8823,-242.88232421875
2318,2703.7043,-385.704345703125
3611,3619.584,-8.583984375
10356,10672.256,-316.255859375
1174,997.6428,176.357177734375
7218,7154.865,63.134765625
9072,8553.616,518.3837890625
2427,2317.8071,109.19287109375
1192,1191.9114,0.088623046875
3363,3292.8418,70.158203125
523,503.88696,19.113037109375
4242,3856.2332,385.766845703125
2387,2964.3535,-577.353515625
2251,2225.1997,25.80029296875
2359,2516.5806,-157.58056640625
3463,3091.0967,371.9033203125
2101,2001.4257,99.5743408203125
17214,15305.788,1908.2119140625
2096,1755.3301,340.669921875
8220,7166.657,1053.3427734375
796,806.9219,-10.921875
4896,5170.635,-274.634765625
772,878.9392,-106.939208984375
743,787.51733,-44.517333984375
2872,2164.5566,707.443359375
5595,5753.6685,-158.66845703125
2406,2534.2134,-128.21337890625
16064,15756.728,307.2724609375
1578,1729.0547,-151.0546875
1098,1135.2275,-37.2275390625
756,661.75146,94.24853515625
10959,11148.84,-189.83984375
6439,7163.2783,-724.2783203125
8400,7047.977,1352.02294921875
4194,4020.057,173.943115234375
765,644.7217,120.2783203125
5045,4588.6704,456.32958984375
7459,9093.356,-1634.3564453125
664,899.6382,-235.63818359375
1914,1998.3318,-84.331787109375
1194,1294.6113,-100.611328125
13460,15006.589,-1546.5888671875
3890,3678.3015,211.698486328125
579,610.53516,-31.53515625
4964,4892.582,71.41796875
863,1034.2886,-171.28857421875
574,519.74097,54.259033203125
3189,3493.1418,-304.141845703125
5733,5874.7485,-141.74853515625
12308,12100.095,207.9052734375
675,655.35767,19.642333984375
9035,8965.264,69.736328125
1843,2247.8481,-404.84814453125
1090,1358.1577,-268.15771484375
1409,1412.3215,-3.321533203125
684,619.75977,64.240234375
2504,2904.6382,-400.63818359375
788,767.3213,20.6787109375
1123,1092.5593,30.440673828125
906,915.6543,-9.654296875
4068,4413.93,-345.93017578125
1438,1438.197,-0.197021484375
2308,2765.7017,-457.70166015625
945,920.89185,24.108154296875
798,927.3086,-129.30859375
11372,13037.55,-1665.5498046875
3211,3317.4963,-106.496337890625
5923,6074.5225,-151.5224609375
7216,6547.174,668.826171875
2723,2567.1885,155.8115234375
3786,3301.8267,484.17333984375
490,442.29077,47.709228515625
1805,2367.4019,-562.40185546875
710,689.8281,20.171875
17666,14826.231,2839.7685546875
2803,2505.21,297.7900390625
6783,6166.224,616.77587890625
524,515.511,8.489013671875
5407,4963.0986,443.9013671875
901,979.1665,-78.16650390625
2575,2909.9714,-334.971435546875
729,693.45483,35.545166015625
2117,2132.6243,-15.624267578125
6797,6869.0576,-72.0576171875
5508,5066.287,441.712890625
1571,1570.4224,0.57763671875
1884,1982.8718,-98.871826171875
814,820.45776,-6.457763671875
777,886.0029,-109.0029296875
3453,3243.7324,209.267578125
786,806.1211,-20.12109375
1076,1148.2903,-72.290283203125
4093,4082.5032,10.496826171875
15105,17169.377,-2064.376953125
1225,1306.5225,-81.5224609375
625,647.8921,-22.89208984375
4781,4865.0347,-84.03466796875
1179,1223.2151,-44.215087890625
828,671.1775,156.822509765625
842,970.4863,-128.486328125
2950,3045.2576,-95.257568359375
3828,3773.7273,54.272705078125
3881,3993.0857,-112.085693359375
4528,4972.515,-444.51513671875
863,1205.7263,-342.726318359375
600,665.6211,-65.62109375
776,780.3887,-4.388671875
4209,4331.8506,-122.8505859375
1422,1343.7275,78.2724609375
6210,6322.8467,-112.8466796875
1692,1666.0884,25.91162109375
2870,2552.9668,317.033203125
3340,3445.9146,-105.91455078125
4758,5051.9023,-293.90234375
14112,14174.553,-62.552734375
13537,13953.708,-416.7080078125
13714,13068.077,645.9228515625
16575,15688.667,886.3330078125
3437,3390.7158,46.2841796875
789,786.35547,2.64453125
631,871.2046,-240.20458984375
4072,3911.2058,160.794189453125
4466,6991.615,-2525.615234375
816,852.41943,-36.41943359375
1100,1282.6501,-182.650146484375
4630,4542.843,87.1572265625
4829,5457.0596,-628.0595703125
1002,806.90137,195.0986328125
11797,12540.769,-743.7685546875
485,438.71484,46.28515625
6563,7076.5244,-513.5244140625
1125,952.7195,172.280517578125
644,714.9922,-70.9921875
599,754.6714,-155.67138671875
1254,1378.6707,-124.670654296875
906,787.85864,118.141357421875
943,1089.314,-146.31396484375
491,674.2551,-183.255126953125
810,789.62866,20.371337890625
1093,1228.0293,-135.029296875
4634,5827.292,-1193.2919921875
639,731.845,-92.844970703125
1397,1301.6931,95.306884765625
2616,2843.4185,-227.41845703125
10078,10416.706,-338.7060546875
7877,6477.9814,1399.0185546875
1114,1213.1099,-99.10986328125
4662,4066.1982,595.8017578125
756,674.96216,81.037841796875
745,651.17773,93.822265625
765,671.58813,93.411865234375
7290,7127.8,162.2001953125
1822,1779.013,42.987060546875
1320,1427.4766,-107.4765625
1715,1624.9126,90.08740234375
2809,2930.7192,-121.71923828125
1332,1238.2476,93.75244140625
579,535.17725,43.82275390625
1001,1083.0742,-82.07421875
7411,6835.8115,575.1884765625
720,855.2749,-135.27490234375
10080,8600.598,1479.40234375
3136,3719.8567,-583.856689453125
1153,1175.1892,-22.189208984375
3705,3541.0571,163.94287109375
1050,1011.77905,38.220947265625
574,592.19775,-18.19775390625
4029,3465.3137,563.686279296875
5457,5570.823,-113.8232421875
1591,1579.9314,11.068603515625
6518,5631.77,886.22998046875
2012,3063.4712,-1051.47119140625
7137,6985.0996,151.900390625
5141,5086.463,54.537109375
2177,2165.7944,11.20556640625
805,892.92163,-87.921630859375
800,793.719,6.281005859375
939,955.5525,-16.552490234375
8419,8175.706,243.2939453125
5539,4422.5273,1116.47265625
11146,11508.045,-362.044921875
2287,1877.584,409.416015625
5231,5862.858,-631.85791015625
3998,3988.432,9.568115234375
2487,2664.8506,-177.8505859375
1079,1151.8147,-72.814697265625
5939,5773.882,165.1181640625
2845,5330.8623,-2485.8623046875
666,692.522,-26.52197265625
716,787.78516,-71.78515625
2911,2813.658,97.342041015625
452,510.4536,-58.45361328125
436,370.9746,65.025390625
4902,4926.3057,-24.3056640625
1819,1873.6619,-54.661865234375
1002,839.0581,162.94189453125
1076,1038.5962,37.40380859375
1415,1381.8376,33.162353515625
1051,1096.469,-45.468994140625
13351,16410.375,-3059.375
830,939.6841,-109.68408203125
956,820.11816,135.8818359375
914,973.5442,-59.544189453125
4916,4130.011,785.98876953125
1076,1250.7964,-174.79638671875
5015,5426.2446,-411.24462890625
4418,4101.844,316.15576171875
1680,1759.7695,-79.76953125
15840,15465.49,374.509765625
6148,6769.451,-621.451171875
6814,7252.8457,-438.845703125
628,697.6433,-69.643310546875
974,1065.1003,-91.100341796875
724,821.9424,-97.9423828125
5438,4903.617,534.3828125
5858,5826.6636,31.33642578125
1987,1741.9753,245.024658203125
475,476.96118,-1.961181640625
1067,1106.698,-39.697998046875
8743,8570.23,172.76953125
1084,1121.2095,-37.20947265625
2762,3135.9675,-373.967529296875
394,372.208,21.7919921875
576,772.2644,-196.264404296875
6871,7090.924,-219.923828125
14544,14752.204,-208.2041015625
1438,1451.8638,-13.86376953125
9120,8512.376,607.6240234375
15398,16131.914,-733.9140625
3750,4605.426,-855.42578125
556,735.9114,-179.911376953125
675,624.6067,50.393310546875
904,1113.5232,-209.523193359375
851,780.3467,70.6533203125
4946,6578.259,-1632.2587890625
2753,2615.0142,137.98583984375
14920,14203.135,716.865234375
2113,1840.7007,272.29931640625
866,987.67847,-121.678466796875
15093,17387.84,-2294.83984375
5455,5149.269,305.73095703125
6019,5757.8706,261.12939453125
1294,1387.5427,-93.542724609375
5197,5023.2153,173.78466796875
10702,11500.125,-798.125
683,800.0176,-117.017578125
11033,10769.092,263.908203125
882,886.04175,-4.041748046875
2851,2887.54,-36.5400390625
2068,2370.312,-302.31201171875
3068,3119.1165,-51.116455078125
1395,1393.0759,1.924072265625
3384,3291.2373,92.7626953125
430,480.42773,-50.427734375
14593,15022.437,-429.4365234375
675,490.1377,184.8623046875
4897,5016.9336,-119.93359375
2024,2376.4634,-352.46337890625
1257,1160.2588,96.7412109375
1709,1760.6917,-51.691650390625
4959,4931.766,27.23388671875
7865,8280.112,-415.1123046875
3505,3956.3816,-451.381591796875
1402,1491.9099,-89.909912109375
2356,2670.811,-314.81103515625
1235,1442.9778,-207.977783203125
1053,1087.8503,-34.850341796875
847,989.2285,-142.228515625
4873,4180.142,692.85791015625
2724,2756.46,-32.4599609375
2607,2734.3032,-127.30322265625
1761,1827.0447,-66.044677734375
8024,7694.3203,329.6796875
6116,5896.1187,219.88134765625
3675,3780.7986,-105.798583984375
571,635.78296,-64.782958984375
1605,1583.541,21.458984375
1609,1919.7164,-310.7164306640625
2518,2520.8289,-2.828857421875
4504,4544.894,-40.89404296875
2289,2365.6294,-76.62939453125
9487,10581.553,-1094.552734375
958,948.3989,9.60107421875
1061,873.4158,187.584228515625
5865,5137.5254,727.474609375
5749,5276.357,472.64306640625
898,902.2495,-4.24951171875
17674,16400.81,1273.189453125
5665,5947.9307,-282.9306640625
1621,1886.2577,-265.2576904296875
17003,17580.83,-577.830078125
490,528.9392,-38.939208984375
17224,17823.457,-599.45703125
526,553.03687,-27.036865234375
10814,9829.537,984.462890625
1815,1720.8069,94.193115234375
810,801.23486,8.76513671875
1307,1550.7234,-243.723388671875
683,854.2905,-171.29052734375
15792,18648.56,-2856.560546875
1192,1147.6528,44.34716796875
6946,6637.0815,308.91845703125
4493,4547.6255,-54.62548828125
2317,2473.393,-156.39306640625
781,815.7085,-34.70849609375
789,781.7715,7.228515625
904,772.0547,131.9453125
575,539.2749,35.72509765625
366,339.06836,26.931640625
616,818.2783,-202.2783203125
10055,11345.199,-1290.19921875
907,737.5947,169.4052734375
3171,3098.3271,72.6728515625
3162,3504.2593,-342.25927734375
1257,1189.3906,67.609375
707,924.718,-217.718017578125
394,505.55786,-111.557861328125
2048,1914.6847,133.3153076171875
811,916.03613,-105.0361328125
3710,3638.1042,71.895751953125
9236,9821.113,-585.11328125
9314,9218.364,95.6357421875
4870,4549.1914,320.80859375
844,967.76855,-123.7685546875
737,669.57153,67.428466796875
608,659.94336,-51.943359375
2098,2051.0864,46.91357421875
1008,804.1145,203.885498046875
1161,1206.4263,-45.42626953125
492,622.8203,-130.8203125
4191,5166.2563,-975.25634765625
2838,2733.4312,104.56884765625
561,612.5217,-51.521728515625
5082,5028.648,53.35205078125
16737,18027.408,-1290.408203125
1764,2023.0651,-259.0650634765625
3099,3441.2673,-342.267333984375
3007,2536.5059,470.494140625
3790,4026.9539,-236.953857421875
4276,5976.925,-1700.9248046875
958,1081.957,-123.95703125
11923,10380.347,1542.6533203125
842,1004.9944,-162.994384765625
1125,1557.7517,-432.751708984375
14935,17625.658,-2690.658203125
14844,13935.764,908.236328125
6670,6307.708,362.2919921875
776,703.8342,72.165771484375
1974,2345.5244,-371.5244140625
10133,10387.933,-254.9326171875
2614,2660.8057,-46.8056640625
650,753.188,-103.18798828125
764,828.76953,-64.76953125
10666,10772.205,-106.205078125
1580,1622.321,-42.321044921875
4374,5077.1343,-703.13427734375
7623,7889.059,-266.05908203125
1429,1591.8674,-162.867431640625
13603,12132.159,1470.8408203125
3115,2631.1436,483.8564453125
3581,4216.417,-635.4169921875
878,650.5886,227.411376953125
4764,4960.9297,-196.9296875
1071,1168.2974,-97.29736328125
4341,4345.0938,-4.09375
3534,3689.8066,-155.806640625
3770,3553.8652,216.134765625
1035,1174.5303,-139.5302734375
1546,1443.7224,102.277587890625
2241,2685.541,-444.541015625
5902,5746.5166,155.4833984375
447,357.16455,89.83544921875
6097,6277.0215,-180.021484375
1656,1575.2107,80.789306640625
1579,1751.4219,-172.421875
9391,10672.569,-1281.5693359375
815,860.4253,-45.42529296875
5057,5038.0156,18.984375
16304,16109.98,194.01953125
4133,3689.203,443.797119140625
5868,5823.5957,44.404296875
647,670.77,-23.77001953125
17841,16383.317,1457.6826171875
570,679.59644,-109.596435546875
7790,7658.3857,131.6142578125
727,892.4966,-165.49658203125
4749,4660.388,88.61181640625
1331,1296.0361,34.9638671875
4063,4010.102,52.89794921875
4751,4877.3794,-126.37939453125
13693,13180.725,512.275390625
720,688.052,31.947998046875
863,974.27783,-111.27783203125
3649,4495.523,-846.52294921875
6860,7388.4375,-528.4375
4731,4001.6587,729.34130859375
17294,16980.064,313.935546875
1665,1740.5994,-75.599365234375
5096,5251.0503,-155.05029296875
2437,2997.6086,-560.608642578125
963,1037.0325,-74.032470703125
6673,6540.3125,132.6875
4516,4263.3877,252.6123046875
4790,5112.1157,-322.11572265625
336,365.16797,-29.16796875
713,723.46704,-10.467041015625
5733,5815.607,-82.60693359375
10860,14686.227,-3826.2265625
911,726.5332,184.466796875
9999,9887.727,111.2734375
1654,1541.8303,112.169677734375
408,388.06738,19.9326171875
4183,4770.666,-587.666015625
1948,1719.5815,228.41845703125
7729,8612.16,-883.16015625
8436,8811.31,-375.3095703125
2236,1984.186,251.81396484375
6913,7337.253,-424.2529296875
878,783.4092,94.5908203125
2885,3785.071,-900.071044921875
579,666.16187,-87.161865234375
9729,10237.416,-508.416015625
4077,4707.806,-630.80615234375
898,843.0708,54.92919921875
805,808.2195,-3.219482421875
2336,3067.824,-731.823974609375
17811,17101.645,709.35546875
7110,7917.8623,-807.8623046875
4140,5286.815,-1146.81494140625
9407,11857.396,-2450.396484375
1187,1312.9944,-125.994384765625
458,318.48047,139.51953125
8339,7006.545,1332.455078125
3309,3214.4285,94.571533203125
4374,3880.3098,493.690185546875
1689,1622.0964,66.903564453125
1423,1742.3296,-319.32958984375
1289,1261.269,27.73095703125
6129,6611.2627,-482.2626953125
7898,8151.6533,-253.6533203125
6564,7170.421,-606.4208984375
764,776.54736,-12.54736328125
3254,3185.5208,68.479248046875
4262,4096.9976,165.00244140625
4155,4031.2812,123.71875
9051,9006.757,44.2431640625
4976,5051.1914,-75.19140625
766,683.40967,82.59033203125
5743,4851.3,891.7001953125
1368,1491.1902,-123.190185546875
17923,18273.932,-350.931640625
1095,1066.1965,28.803466796875
8289,10583.312,-2294.3115234375
6237,5784.0156,452.984375
625,657.5056,-32.505615234375
8025,9116.245,-1091.2451171875
1758,1780.5103,-22.51025390625
18002,15290.352,2711.6484375
4155,5384.9653,-1229.96533203125
8800,8469.002,330.998046875
1927,2210.294,-283.2939453125
3812,4119.4795,-307.4794921875
7021,6359.0703,661.9296875
6934,7634.2666,-700.2666015625
1221,1184.1299,36.8701171875
574,674.17114,-100.171142578125
851,781.79175,69.208251953125
7906,7819.279,86.72119140625
3597,4179.6577,-582.65771484375
874,987.9651,-113.965087890625
1124,1254.5378,-130.537841796875
599,671.2041,-72.2041015625
5013,4618.8276,394.17236328125
3005,2870.9268,134.0732421875
2003,1963.1124,39.8875732421875
8530,8266.537,263.462890625
766,827.70166,-61.70166015625
787,735.47095,51.529052734375
1676,1562.3672,113.6328125
1641,1556.6677,84.332275390625
5783,6861.687,-1078.68701171875
1047,1811.2817,-764.28173828125
663,443.1963,219.8037109375
628,567.8303,60.169677734375
1079,1141.94,-62.93994140625
1059,1177.907,-118.906982421875
1323,1239.5759,83.424072265625
4153,3931.2078,221.792236328125
4404,4593.4375,-189.4375
1982,2022.8524,-40.8524169921875
3496,3369.7725,126.2275390625
4727,5042.0527,-315.052734375
675,488.1726,186.827392578125
5577,6260.218,-683.2177734375
810,565.1333,244.86669921875
2596,3108.5154,-512.515380859375
596,611.2268,-15.226806640625
3918,4473.506,-555.505859375
4228,4436.9507,-208.95068359375
1624,1394.6233,229.376708984375
753,847.1741,-94.174072265625
8442,8625.227,-183.2265625
633,747.8562,-114.856201171875
605,669.40625,-64.40625
2368,2768.2964,-400.29638671875
4969,4973.2534,-4.25341796875
3360,3349.7234,10.276611328125
1031,1073.5808,-42.580810546875
658,641.10596,16.89404296875
6216,5686.1953,529.8046875
1554,1546.9495,7.050537109375
762,932.595,-170.594970703125
1157,1220.4153,-63.415283203125
4201,4016.5227,184.477294921875
743,679.2727,63.727294921875
6122,5918.9556,203.04443359375
667,787.29175,-120.291748046875
5826,5525.3135,300.6865234375
571,652.30493,-81.304931640625
1819,1556.5095,262.490478515625
920,996.0908,-76.0908203125
4518,4204.145,313.85498046875
2523,2734.7456,-211.74560546875
335,428.66772,-93.667724609375
6321,6241.586,79.4140625
1911,1901.5247,9.475341796875
1152,1210.0491,-58.049072265625
971,948.7981,22.201904296875
2882,2605.4556,276.54443359375
3956,4316.5596,-360.5595703125
1364,1597.3367,-233.336669921875
4103,4096.774,6.22607421875
1235,1428.9067,-193.90673828125
1187,1140.6555,46.344482421875
867,893.28784,-26.287841796875
3011,3122.5835,-111.58349609375
4412,3983.3738,428.626220703125
5038,4967.0596,70.9404296875
367,239.84644,127.153564453125
569,598.7517,-29.751708984375
6439,6820.923,-381.9228515625
2125,2526.627,-401.626953125
900,1038.9307,-138.9306640625
684,641.95825,42.041748046875
1236,1151.2886,84.71142578125
675,604.2903,70.709716796875
1974,1891.7408,82.2591552734375
2992,2853.408,138.592041015625
988,1298.6772,-310.67724609375
6872,7466.699,-594.69921875
1689,1775.2329,-86.23291015625
477,542.8635,-65.863525390625
746,851.43945,-105.439453125
898,845.0869,52.9130859375
575,543.7886,31.21142578125
1332,1257.8818,74.1181640625
1306,1713.6812,-407.68115234375
906,841.0271,64.972900390625
2570,2676.6665,-106.66650390625
2994,2762.9155,231.08447265625
680,657.4929,22.507080078125
816,792.6863,23.313720703125
6712,6296.0566,415.943359375
2230,2378.2266,-148.2265625
1006,758.8872,247.11279296875
2339,2773.3416,-434.341552734375
625,792.04834,-167.04833984375
4642,4456.7993,185.20068359375
6552,6186.422,365.578125
15512,15539.33,-27.330078125
1431,1550.4438,-119.44384765625
1892,1903.2704,-11.2703857421875
642,681.48047,-39.48046875
5955,5950.1675,4.83251953125
914,1011.73926,-97.7392578125
7479,9552.01,-2073.009765625
8702,7714.128,987.8720703125
9780,9018.267,761.7333984375
645,712.3533,-67.353271484375
5261,5646.0723,-385.072265625
802,781.56934,20.4306640625
1431,1937.4594,-506.4593505859375
8029,8224.503,-195.5029296875
1207,1319.1704,-112.17041015625
4419,4336.8965,82.103515625
1753,1650.0935,102.906494140625
4391,4829.492,-438.4921875
773,878.23975,-105.23974609375
1786,1694.0833,91.916748046875
11965,14309.476,-2344.4755859375
698,601.3318,96.668212890625
9547,9485.45,61.5498046875
510,586.5095,-76.509521484375
10165,11076.089,-911.0888671875
576,472.47998,103.52001953125
449,568.83887,-119.8388671875
7358,7175.076,182.923828125
1838,1617.6172,220.3828125
5185,5107.139,77.86083984375
5088,5802.4697,-714.4697265625
702,752.5654,-50.5654296875
7260,6467.069,792.93115234375
1369,1513.0916,-144.091552734375
1007,1192.6565,-185.656494140625
3528,3958.5623,-430.562255859375
914,848.66846,65.33154296875
1423,2098.003,-675.0029296875
4566,4586.092,-20.091796875
8688,9108.266,-420.265625
4162,4216.5796,-54.57958984375
18407,18628.54,-221.5390625
1269,1339.8308,-70.830810546875
963,961.08545,1.91455078125
807,975.0298,-168.02978515625
8631,8423.322,207.677734375
1221,1227.5364,-6.536376953125
4579,4470.9023,108.09765625
2364,2186.393,177.60693359375
3024,3115.6917,-91.691650390625
6399,6631.664,-232.6640625
748,889.3779,-141.3779296875
1323,1340.4646,-17.464599609375
5200,5317.436,-117.43603515625
12151,12451.34,-300.33984375
4484,4475.0605,8.939453125
1151,1077.4683,73.53173828125
530,551.9558,-21.955810546875
878,612.06055,265.939453125
466,418.32202,47.677978515625
2230,2009.8235,220.176513671875
9236,8219.894,1016.1064453125
5224,5256.9404,-32.9404296875
6079,5936.9883,142.01171875
464,431.41797,32.58203125
3839,3784.0833,54.916748046875
576,702.39087,-126.390869140625
1052,1020.15796,31.842041015625
670,717.71313,-47.713134765625
15708,15641.207,66.79296875
4237,4245.024,-8.02392578125
2367,2238.925,128.074951171875
3212,3200.2498,11.750244140625
3303,3666.137,-363.136962890625
904,892.68115,11.31884765625
942,745.9595,196.04052734375
2686,3133.3613,-447.361328125
8400,10719.056,-2319.0556640625
956,769.5325,186.467529296875
5526,5570.675,-44.6748046875
11748,11930.678,-182.677734375
6503,5887.862,615.13818359375
1813,1719.387,93.613037109375
4211,4228.387,-17.38720703125
3593,3900.833,-307.8330078125
4873,4768.3105,104.689453125
18561,15838.653,2722.3466796875
1051,971.4795,79.5205078125
2372,2729.8086,-357.80859375
4880,5253.573,-373.5732421875
3618,3564.8706,53.12939453125
4912,5235.8457,-323.845703125
1656,1656.73,-0.72998046875
756,659.6338,96.3662109375
5016,5183.999,-167.9990234375
2436,2438.364,-2.364013671875
4312,4765.4478,-453.44775390625
11531,12088.474,-557.4736328125
11975,12267.871,-292.87109375
1595,1764.633,-169.633056640625
3718,3716.9482,1.0517578125
597,561.61816,35.3818359375
4617,4691.7964,-74.79638671875
5101,5025.5034,75.49658203125
904,1130.2869,-226.286865234375
1013,876.9783,136.021728515625
4218,4640.446,-422.44580078125
2602,2744.3901,-142.39013671875
811,890.5698,-79.56982421875
1435,1542.0723,-107.072265625
4119,3829.1519,289.84814453125
1074,1250.2332,-176.233154296875
1123,1075.1843,47.815673828125
829,905.3142,-76.314208984375
4598,4917.567,-319.56689453125
3225,3170.4646,54.535400390625
3179,3336.9238,-157.923828125
13598,16673.71,-3075.7109375
3959,3871.8735,87.12646484375
6533,6261.449,271.55078125
978,1036.427,-58.427001953125
1944,1797.842,146.157958984375
4409,4403.427,5.5732421875
833,788.25757,44.742431640625
2613,2819.7366,-206.736572265625
11360,11514.214,-154.2138671875
9157,8527.619,629.380859375
7253,7719.085,-466.0849609375
3160,3206.7253,-46.725341796875
2160,2226.4785,-66.478515625
997,946.46313,50.536865234375
5405,5908.8286,-503.82861328125
12078,11480.082,597.91796875
821,681.8928,139.107177734375
1793,1630.6006,162.3994140625
532,505.4331,26.56689453125
15837,16274.544,-437.5439453125
584,748.9834,-164.9833984375
1024,1078.7056,-54.70556640625
3456,3714.521,-258.52099609375
565,448.55396,116.446044921875
18823,17047.703,1775.296875
1250,1270.9932,-20.9931640625
10640,17838.592,-7198.591796875
827,882.3706,-55.37060546875
2513,2551.9683,-38.96826171875
3945,4068.1836,-123.18359375
1063,911.1189,151.881103515625
1974,1899.3291,74.6708984375
942,794.0381,147.9619140625
1975,2076.8745,-101.87451171875
9462,8705.201,756.798828125
1153,1150.0002,2.999755859375
5530,5435.3164,94.68359375
798,796.66895,1.3310546875
2583,3080.1667,-497.166748046875
906,810.87354,95.12646484375
12674,12102.748,571.251953125
1416,1726.9275,-310.927490234375
776,614.8635,161.136474609375
1882,1726.7268,155.273193359375
10721,11024.883,-303.8828125
5077,5132.6875,-55.6875
17403,16782.764,620.236328125
1790,1905.1343,-115.13427734375
12226,13351.4,-1125.400390625
3303,3555.8901,-252.89013671875
1116,935.35864,180.641357421875
9530,9758.489,-228.4892578125
1221,1224.7964,-3.79638671875
5854,5093.71,760.2900390625
6921,6652.5566,268.443359375
10076,8811.737,1264.2626953125
16582,17835.021,-1253.021484375
1197,1333.8784,-136.87841796875
17079,17491.186,-412.185546875
3715,3457.2395,257.760498046875
622,872.115,-250.114990234375
10271,10822.3125,-551.3125
9716,9368.987,347.0126953125
12396,13120.351,-724.3505859375
4062,4192.797,-130.796875
3805,3777.593,27.406982421875
1123,1046.5596,76.4404296875
1249,1240.4534,8.546630859375
9702,9200.076,501.923828125
1052,1068.1262,-16.126220703125
710,707.3445,2.655517578125
12295,12506.198,-211.1982421875
3465,3366.61,98.389892578125
4063,4070.6643,-7.664306640625
2441,2420.6177,20.38232421875
1787,1630.667,156.3330078125
561,621.20654,-60.20654296875
2919,2797.9883,121.01171875
9374,7521.6514,1852.3486328125
608,605.0093,2.99072265625
445,489.52295,-44.52294921875
1254,1231.95,22.050048828125
4320,3661.279,658.720947265625
1264,1392.199,-128.198974609375
487,590.9033,-103.9033203125
1561,1440.2456,120.75439453125
1694,2011.0153,-317.0152587890625
827,961.91187,-134.911865234375
764,756.45996,7.5400390625
3255,3383.891,-128.89111328125
5645,5652.0547,-7.0546875
1786,1866.1162,-80.1162109375
1727,1690.6448,36.355224609375
4928,5125.674,-197.673828125
394,512.07764,-118.07763671875
608,464.86572,143.13427734375
5021,4785.3667,235.63330078125
734,725.1677,8.832275390625
3906,4073.3794,-167.37939453125
2898,2978.8599,-80.85986328125
698,633.6804,64.319580078125
1439,1228.9202,210.079833984375
2478,2395.2573,82.74267578125
868,867.36694,0.633056640625
11976,13291.912,-1315.912109375
692,674.2117,17.788330078125
11950,12674.718,-724.7177734375
3307,3176.0745,130.925537109375
4191,4412.101,-221.10107421875
6743,6638.7197,104.2802734375
2939,3225.459,-286.458984375
720,596.5613,123.438720703125
773,986.56396,-213.56396484375
921,1016.43555,-95.435546875
3301,3576.1208,-275.120849609375
11360,10616.522,743.4775390625
4455,5023.8125,-568.8125
848,1074.4954,-226.495361328125
492,593.3406,-101.340576171875
11156,11328.017,-172.0166015625
671,768.1018,-97.101806640625
3349,3644.935,-295.93505859375
8778,9105.168,-327.16796875
4868,4600.3696,267.63037109375
1994,2158.504,-164.50390625
2725,3441.0806,-716.08056640625
4580,4747.115,-167.115234375
3920,3796.2695,123.73046875
4494,4661.235,-167.23486328125
1848,2625.041,-777.041015625
2147,2193.4805,-46.48046875
2229,2339.9934,-110.993408203125
1187,1279.1699,-92.169921875
1080,1053.1406,26.859375
2268,2096.3271,171.6728515625
1262,1188.1355,73.864501953125
11554,10583.886,970.1142578125
3552,3688.2021,-136.2021484375
4212,4276.6284,-64.62841796875
4525,5747.3525,-1222.3525390625
833,803.6179,29.382080078125
7054,7532.1816,-478.181640625
421,477.46924,-56.46923828125
2479,2361.1626,117.83740234375
1711,1812.3171,-101.317138671875
2582,2229.3032,352.69677734375
6294,6031.5913,262.40869140625
5052,5375.196,-323.19580078125
628,606.02905,21.970947265625
2947,3264.4937,-317.49365234375
3156,3325.8018,-169.8017578125
1546,1398.1802,147.81982421875
1186,1228.9595,-42.95947265625
552,667.8689,-115.868896484375
1865,2212.9604,-347.96044921875
10428,10395.359,32.640625
906,912.0696,-6.069580078125
18611,15124.248,3486.751953125
608,442.31836,165.681640625
5339,5266.744,72.255859375
1106,1167.4214,-61.42138671875
12555,12979.382,-424.3818359375
13869,13526.184,342.81640625
4503,4354.95,148.0498046875
4416,4512.6235,-96.62353515625
544,518.9866,25.013427734375
8181,8171.032,9.9677734375
658,618.2405,39.759521484375
2270,2299.0986,-29.0986328125
2348,2566.4314,-218.431396484375
3700,4758.2817,-1058.28173828125
13029,13211.962,-182.9619140625
5713,6326.961,-613.9609375
5132,5161.121,-29.12109375
3701,3357.0913,343.90869140625
561,652.49634,-91.496337890625
3441,3589.1033,-148.103271484375
1822,1787.926,34.073974609375
1980,1967.1163,12.8836669921875
1792,2167.9153,-375.915283203125
1200,1106.4558,93.544189453125
5231,5366.503,-135.5029296875
7201,6574.301,626.69921875
9301,8041.047,1259.953125
954,1055.3022,-101.30224609375
1294,1461.1216,-167.12158203125
579,742.7361,-163.736083984375
8922,8661.913,260.0869140625
5833,6688.3735,-855.37353515625
1882,1957.0574,-75.057373046875
605,682.1028,-77.102783203125
918,739.2512,178.748779296875
854,780.99634,73.003662109375
689,597.8423,91.15771484375
1746,1414.4949,331.505126953125
4116,4361.5283,-245.5283203125
13983,17745.807,-3762.806640625
5384,5660.952,-276.9521484375
3435,3468.969,-33.968994140625
765,725.07495,39.925048828125
3545,4422.6396,-877.6396484375
11948,12259.264,-311.263671875
742,747.77,-5.77001953125
787,623.0322,163.9677734375
9014,8647.816,366.18359375
2145,2052.0068,92.9931640625
3266,3538.8394,-272.83935546875
1028,963.4077,64.59228515625
1297,1432.6145,-135.614501953125
1574,1656.3967,-82.396728515625
7728,7133.5317,594.46826171875
10618,9661.551,956.44921875
666,769.65625,-103.65625
1013,893.667,119.3330078125
6470,8310.524,-1840.5244140625
17673,17357.402,315.59765625
6449,5979.543,469.45703125
2376,2508.6733,-132.67333984375
13646,15137.503,-1491.5029296875
6539,6269.7017,269.29833984375
4242,3913.8428,328.1572265625
1400,1479.0591,-79.05908203125
1354,1187.5762,166.423828125
2110,2080.816,29.18408203125
2987,3029.257,-42.257080078125
3888,4133.1133,-245.11328125
925,1023.53735,-98.537353515625
767,697.2722,69.727783203125
2818,3139.65,-321.64990234375
1760,1770.6113,-10.611328125
8515,8462.434,52.56640625
7079,7135.5264,-56.5263671875
1608,1670.8289,-62.828857421875
3323,3595.91,-272.909912109375
810,1027.1909,-217.19091796875
1733,1592.1221,140.8779296875
10668,10654.502,13.498046875
6635,6544.1094,90.890625
3428,3808.8638,-380.86376953125
4395,4532.5166,-137.5166015625
3624,3919.739,-295.739013671875
1876,2109.0503,-233.05029296875
1334,1464.3333,-130.333251953125
8752,8948.808,-196.8076171875
2954,2978.5486,-24.548583984375
8401,8047.6104,353.3896484375
2882,2811.7544,70.24560546875
5560,6323.7236,-763.7236328125
2662,2752.5085,-90.508544921875
1107,1080.2114,26.78857421875
998,1158.6924,-160.6923828125
791,770.50195,20.498046875
2738,3124.9336,-386.93359375
7358,7089.587,268.4130859375
1624,1489.9434,134.056640625
1125,981.55273,143.447265625
2537,2524.2979,12.7021484375
1041,853.2617,187.73828125
958,1117.6797,-159.6796875
16075,14357.09,1717.91015625
5977,5674.7744,302.2255859375
4864,5543.6055,-679.60546875
2364,2410.2085,-46.20849609375
4692,4819.553,-127.55322265625
613,711.147,-98.14697265625
12168,13979.104,-1811.103515625
4037,4197.609,-160.60888671875
3554,3813.5037,-259.503662109375
675,636.75,38.25
5404,5532.7437,-128.74365234375
18756,17460.09,1295.91015625
5057,5191.5327,-134.53271484375
500,503.4834,-3.4833984375
456,475.0891,-19.089111328125
544,439.08765,104.912353515625
1431,1217.7146,213.285400390625
3735,3503.2588,231.7412109375
1043,1116.9897,-73.98974609375
16427,15448.491,978.5087890625
1806,2309.8228,-503.82275390625
1037,1217.867,-180.866943359375
4038,4415.8384,-377.83837890625
2633,1951.0006,681.9993896484375
1114,885.3489,228.651123046875
1322,1242.5962,79.40380859375
2410,2267.251,142.7490234375
1170,1193.49,-23.489990234375
2339,2710.9072,-371.9072265625
1610,1443.9734,166.026611328125
675,525.3738,149.626220703125
3370,3148.1885,221.8115234375
9188,7970.3877,1217.6123046875
6344,7025.4023,-681.40234375
1181,1154.8245,26.175537109375
659,834.20044,-175.200439453125
1641,1833.1179,-192.117919921875
947,928.5659,18.43408203125
5139,4931.5107,207.4892578125
3755,4076.1572,-321.1572265625
530,521.1692,8.830810546875
2102,2150.0596,-48.0595703125
2921,2845.9119,75.088134765625
911,747.59985,163.400146484375
1407,1483.0723,-76.072265625
956,815.0796,140.92041015625
3188,3657.3926,-469.392578125
576,561.09644,14.903564453125
420,435.06592,-15.06591796875
1830,2150.702,-320.701904296875
586,650.7969,-64.796875
911,731.8762,179.123779296875
3692,3249.8728,442.127197265625
367,267.39795,99.60205078125
1923,2228.1152,-305.115234375
1618,1724.6948,-106.69482421875
7826,7789.6484,36.3515625
9537,9195.051,341.94921875
1292,1288.2056,3.79443359375
3767,3713.6543,53.345703125
7357,6691.381,665.619140625
1890,2075.233,-185.23291015625
6512,6120.3315,391.66845703125
5179,6233.879,-1054.87890625
2071,2031.3425,39.657470703125
2695,2925.7402,-230.740234375
703,757.2937,-54.293701171875
5797,6166.4146,-369.41455078125
7304,7631.5327,-327.53271484375
1406,1512.8052,-106.80517578125
6562,6588.442,-26.44189453125
891,925.5388,-34.538818359375
1724,1958.8693,-234.8692626953125
3014,3200.2478,-186.247802734375
2316,2430.2556,-114.255615234375
666,707.34595,-41.345947265625
1221,1198.6389,22.361083984375
3210,3089.0217,120.978271484375
1050,1119.4998,-69.499755859375
3720,3742.8984,-22.8984375
13607,14627.77,-1020.76953125
7909,8278.922,-369.921875
1334,1586.2844,-252.284423828125
631,806.2988,-175.298828125
3898,3996.5386,-98.53857421875
1124,982.5276,141.472412109375
13182,12700.157,481.8427734375
835,722.01636,112.983642578125
11796,14583.107,-2787.107421875
436,397.9995,38.00048828125
2561,2931.4038,-370.40380859375
4237,4230.1646,6.83544921875
10020,10925.633,-905.6328125
11489,13793.664,-2304.6640625
2526,2616.3032,-90.30322265625
752,900.7947,-148.794677734375
695,694.2698,0.730224609375
2079,2171.172,-92.172119140625
2200,2689.2256,-489.2255859375
1181,1170.9531,10.046875
753,795.7512,-42.751220703125
1919,1779.5632,139.436767578125
2581,2640.3008,-59.30078125
1243,1329.1067,-86.106689453125
589,608.17896,-19.178955078125
3319,3258.3977,60.602294921875
7773,8029.8516,-256.8515625
6469,6607.8774,-138.87744140625
1080,832.74976,247.250244140625
928,752.60913,175.390869140625
478,486.1184,-8.118408203125
776,717.7097,58.290283203125
3304,3302.3804,1.61962890625
1237,1071.7856,165.21435546875
6552,6292.226,259.77392578125
13063,12704.264,358.736328125
645,686.24756,-41.24755859375
1246,1228.1174,17.882568359375
706,674.1968,31.80322265625
2215,2197.2527,17.747314453125
393,295.4663,97.53369140625
702,705.3989,-3.39892578125
513,547.16406,-34.1640625
3206,3584.6287,-378.628662109375
2401,2626.2798,-225.27978515625
15666,13976.341,1689.6591796875
752,863.12305,-111.123046875
1129,1173.6318,-44.6318359375
2795,3057.198,-262.197998046875
2565,3101.1155,-536.115478515625
720,564.02075,155.979248046875
770,654.011,115.989013671875
914,979.9363,-65.936279296875
596,836.2422,-240.2421875
5058,5248.314,-190.31396484375
1431,1625.1902,-194.190185546875
15651,16101.438,-450.4384765625
9139,8989.624,149.3759765625
666,784.87134,-118.871337890625
552,553.34644,-1.346435546875
9735,9826.374,-91.3740234375
17772,18148.174,-376.173828125
791,861.6887,-70.688720703125
936,769.5647,166.435302734375
703,775.3865,-72.386474609375
2404,2502.6768,-98.6767578125
2988,3199.557,-211.556884765625
3749,4058.7964,-309.79638671875
1019,1281.1858,-262.185791015625
658,642.78076,15.21923828125
1815,1735.2131,79.786865234375
15306,16750.012,-1444.01171875
694,802.45654,-108.45654296875
6934,6328.1104,605.8896484375
863,1069.363,-206.363037109375
4284,4510.1816,-226.181640625
1043,1265.4861,-222.486083984375
1247,1421.74,-174.739990234375
776,638.2947,137.705322265625
5268,5020.8423,247.15771484375
2814,2864.5078,-50.5078125
645,679.7654,-34.765380859375
10224,11067.65,-843.650390625
837,801.90576,35.09423828125
524,636.93945,-112.939453125
648,698.7866,-50.78662109375
12842,14665.373,-1823.373046875
4185,4912.1704,-727.17041015625
1107,1035.7993,71.20068359375
516,592.718,-76.718017578125
459,470.81006,-11.81005859375
419,351.8152,67.184814453125
6267,6160.4473,106.552734375
427,393.43555,33.564453125
1008,894.583,113.4169921875
421,316.39697,104.60302734375
4482,4468.6343,13.36572265625
814,954.21265,-140.212646484375
4682,5023.0054,-341.00537109375
429,424.84937,4.150634765625
4870,5348.057,-478.05712890625
18398,17637.42,760.580078125
6997,7612.029,-615.02880859375
6841,6618.2217,222.7783203125
4077,4472.5293,-395.529296875
579,670.218,-91.218017578125
6814,7037.7593,-223.75927734375
10338,11108.647,-770.6474609375
1117,956.68945,160.310546875
4486,4709.663,-223.6630859375
2342,2487.558,-145.55810546875
2553,2919.63,-366.6298828125
16316,15781.178,534.822265625
7312,6290.0225,1021.9775390625
526,534.77515,-8.775146484375
3399,3194.4304,204.569580078125
1298,1208.4492,89.55078125
682,657.6765,24.323486328125
10291,11836.952,-1545.9521484375
10929,11041.731,-112.7314453125
500,425.49902,74.5009765625
6458,5180.3057,1277.6943359375
3183,3257.475,-74.47509765625
5480,5536.262,-56.26220703125
1982,2083.009,-101.009033203125
2313,2485.9595,-172.95947265625
3422,3807.7446,-385.74462890625
1088,1068.2322,19.767822265625
802,641.4978,160.502197265625
3350,3461.6794,-111.679443359375
11713,11637.403,75.5966796875
6670,6788.268,-118.26806640625
526,478.4878,47.51220703125
855,826.7239,28.276123046875
734,752.03613,-18.0361328125
8380,9019.278,-639.2783203125
2096,2122.337,-26.3369140625
572,538.60156,33.3984375
1636,1934.713,-298.7130126953125
3248,3002.423,245.576904296875
552,556.1067,-4.106689453125
11489,12462.933,-973.9326171875
1865,2145.8682,-280.8681640625
2262,2586.0232,-324.023193359375
11113,11672.649,-559.6494140625
2573,2996.4697,-423.4697265625
8888,7346.95,1541.0498046875
561,540.65186,20.34814453125
4693,3785.082,907.91796875
1046,779.25854,266.741455078125
4167,5112.633,-945.6328125
1284,1562.1531,-278.153076171875
5886,5857.6616,28.33837890625
2190,2425.2886,-235.28857421875
5197,5164.2095,32.79052734375
5815,5647.677,167.3232421875
1882,2149.1206,-267.12060546875
4900,5124.3413,-224.34130859375
2714,2990.4622,-276.462158203125
9604,10432.242,-828.2421875
10093,9764.006,328.994140625
1565,1603.3772,-38.377197265625
751,790.64136,-39.641357421875
1939,1492.7068,446.293212890625
1059,987.8816,71.118408203125
2879,3383.4773,-504.477294921875
774,1199.2227,-425.22265625
12342,13555.335,-1213.3349609375
3871,4213.2754,-342.275390625
957,966.0835,-9.08349609375
516,488.511,27.489013671875
1187,1199.5505,-12.550537109375
5390,5444.83,-54.830078125
7768,7833.784,-65.7841796875
1087,961.9114,125.088623046875
938,884.2324,53.767578125
1607,1620.7083,-13.708251953125
6672,8148.838,-1476.837890625
13068,12056.097,1011.9033203125
1983,2101.566,-118.56591796875
734,736.1658,-2.165771484375
4203,5973.463,-1770.462890625
1605,1554.0828,50.917236328125
2863,2787.3877,75.6123046875
5486,5558.925,-72.9248046875
5305,5850.844,-545.84423828125
3187,3431.0437,-244.043701171875
2791,2835.746,-44.74609375
698,817.59326,-119.59326171875
802,683.4746,118.525390625
2203,2026.0388,176.961181640625
10567,10433.563,133.4365234375
1795,1955.585,-160.5849609375
743,631.5845,111.41552734375
1039,1189.356,-150.35595703125
521,551.88184,-30.8818359375
672,734.9702,-62.97021484375
732,653.74316,78.2568359375
1237,1295.2268,-58.226806640625
678,720.12476,-42.124755859375
844,645.34375,198.65625
1723,2208.1382,-485.13818359375
14488,16228.503,-1740.5029296875
6897,7412.286,-515.2861328125
1107,1437.842,-330.842041015625
399,490.38892,-91.388916015625
910,974.31494,-64.31494140625
1904,1998.2325,-94.2325439453125
6470,7396.6523,-926.65234375
947,984.44165,-37.441650390625
552,537.8191,14.180908203125
4925,4943.8237,-18.82373046875
7421,6409.748,1011.251953125
4325,4393.7983,-68.79833984375
4513,4540.634,-27.6337890625
2523,2637.6921,-114.692138671875
7885,7880.884,4.1162109375
874,815.7876,58.21240234375
11463,12019.549,-556.548828125
680,679.688,0.31201171875
5125,5317.0225,-192.0224609375
3925,4815.629,-890.62890625
7710,6875.9463,834.0537109375
3880,3700.507,179.492919921875
9127,10008.383,-881.3828125
2139,1980.9921,158.0079345703125
2211,2148.679,62.321044921875
780,717.7136,62.286376953125
5051,4324.71,726.2900390625
911,767.14404,143.85595703125
984,1182.1982,-198.1982421875
4243,4135.2563,107.74365234375
3230,3443.2454,-213.245361328125
7227,7173.014,53.98583984375
2164,2300.891,-136.89111328125
8575,7614.209,960.791015625
436,460.82275,-24.82275390625
10428,10178.74,249.259765625
4654,5194.2437,-540.24365234375
7466,7458.006,7.994140625
8348,7631.0264,716.9736328125
8362,8264.06,97.9404296875
605,686.24,-81.239990234375
954,1091.2639,-137.263916015625
1153,1144.4541,8.5458984375
6810,6658.263,151.73681640625
1753,1725.9722,27.02783203125
8092,8522.024,-430.0244140625
540,449.12817,90.871826171875
666,710.28564,-44.28564453125
1662,1623.9409,38.05908203125
1069,884.5867,184.413330078125
1279,1221.2456,57.75439453125
11003,10505.764,497.236328125
1125,1122.533,2.467041015625
4405,4352.26,52.740234375
447,490.96533,-43.96533203125
1654,1845.5974,-191.597412109375
878,797.6831,80.31689453125
1568,1466.5012,101.498779296875
842,945.219,-103.218994140625
8002,8439.872,-437.8720703125
1754,2021.0566,-267.056640625
552,622.2905,-70.29052734375
3008,2715.0532,292.94677734375
2039,2041.0771,-2.0771484375
2352,2300.371,51.62890625
4892,6084.668,-1192.66796875
5645,5587.9414,57.05859375
6649,6473.5386,175.46142578125
434,301.83057,132.16943359375
798,1036.9199,-238.919921875
776,598.7302,177.269775390625
3091,3227.9785,-136.978515625
4919,5098.524,-179.52392578125
705,735.61646,-30.616455078125
575,636.6218,-61.621826171875
640,833.96826,-193.96826171875
957,912.8218,44.17822265625
1750,1863.2117,-113.211669921875
15695,15653.89,41.1103515625
4338,4183.3257,154.67431640625
776,648.7373,127.2626953125
15653,14532.319,1120.6806640625
2046,2222.5095,-176.509521484375
8075,8781.15,-706.150390625
4444,5247.4004,-803.400390625
1013,1264.5237,-251.523681640625
1295,1254.8936,40.1064453125
911,697.0305,213.969482421875
4073,3599.0466,473.953369140625
1400,1285.8171,114.182861328125
1985,2066.3667,-81.36669921875
1184,1196.4453,-12.4453125
1407,1626.6409,-219.640869140625
2147,2271.7534,-124.75341796875
487,633.43066,-146.4306640625
877,1016.3003,-139.30029296875
11263,9604.598,1658.40234375
4783,5160.8984,-377.8984375
5125,5399.3867,-274.38671875
5134,4647.3823,486.61767578125
2604,2926.8484,-322.848388671875
10536,11043.376,-507.3759765625
873,919.7942,-46.794189453125
1429,1624.7278,-195.727783203125
814,879.7549,-65.7548828125
2317,2585.229,-268.22900390625
5412,5865.908,-453.908203125
423,282.06592,140.93408203125
5426,5146.0547,279.9453125
5258,5904.0664,-646.06640625
613,607.56274,5.437255859375
505,458.44727,46.552734375
706,742.2263,-36.226318359375
3964,4494.7104,-530.71044921875
6459,6783.63,-324.6298828125
499,525.989,-26.989013671875
863,895.8113,-32.811279296875
4795,6806.3623,-2011.3623046875
506,350.17822,155.82177734375
12339,15342.899,-3003.8994140625
2573,2653.4624,-80.46240234375
10631,10592.892,38.1083984375
1822,1772.229,49.77099609375
7862,9290.345,-1428.3447265625
4779,5649.3506,-870.3505859375
1247,1205.533,41.467041015625
667,865.5215,-198.521484375
1114,849.05005,264.949951171875
5783,5376.082,406.91796875
599,582.23145,16.7685546875
5072,4753.707,318.29296875
3137,3356.812,-219.81201171875
2542,2556.8843,-14.88427734375
432,559.0947,-127.0947265625
734,726.60254,7.3974609375
4915,4848.031,66.96923828125
7506,8541.819,-1035.8193359375
3500,3529.9473,-29.947265625
6694,6554.8,139.2001953125
3504,4727.3823,-1223.38232421875
3553,3411.6348,141.365234375
9630,9792.983,-162.9833984375
755,945.37866,-190.378662109375
2051,2037.0026,13.9974365234375
541,627.958,-86.9580078125
1192,1186.2485,5.75146484375
4316,4738.8037,-422.8037109375
4871,3863.699,1007.301025390625
13811,12809.026,1001.9736328125
522,703.2866,-181.28662109375
776,634.6438,141.356201171875
1333,1572.1313,-239.13134765625
956,978.10864,-22.108642578125
459,418.68726,40.312744140625
737,828.8933,-91.893310546875
12271,16502.53,-4231.529296875
4593,3803.8462,789.15380859375
2040,2195.9111,-155.9111328125
2923,3558.121,-635.12109375
608,508.21777,99.7822265625
1766,1800.9617,-34.961669921875
2896,2755.1826,140.8173828125
1801,2031.6421,-230.64208984375
767,833.5327,-66.53271484375
2125,2460.6665,-335.66650390625
3896,3921.4167,-25.416748046875
17258,16917.752,340.248046875
4997,5663.0103,-666.01025390625
6350,5922.832,427.16796875
15585,15765.124,-180.1240234375
2119,2012.6025,106.3974609375
7187,7798.836,-611.8359375
1670,1973.8237,-303.82373046875
3780,3980.93,-200.929931640625
9731,9190.404,540.595703125
863,992.0034,-129.00341796875
1760,1897.292,-137.2919921875
7072,6455.7344,616.265625
11225,10959.015,265.9853515625
2402,2387.1282,14.871826171875
544,457.83057,86.16943359375
767,845.60205,-78.60205078125
4066,4582.355,-516.35498046875
827,738.0542,88.94580078125
12681,13567.784,-886.7841796875
2352,2425.166,-73.166015625
5217,5246.485,-29.48486328125
3078,3699.572,-621.572021484375
4279,3904.6685,374.33154296875
1142,1215.8462,-73.84619140625
1601,1469.8511,131.14892578125
689,684.96045,4.03955078125
752,771.1572,-19.1572265625
11387,10238.722,1148.2783203125
705,941.41113,-236.4111328125
3681,3888.3079,-207.307861328125
4242,5225.2764,-983.2763671875
4072,4669.782,-597.7822265625
10957,10919.88,37.1201171875
7188,4348.858,2839.14208984375
567,664.8462,-97.84619140625
14826,15518.72,-692.7197265625
4588,4745.559,-157.55908203125
13063,13788.57,-725.5703125
828,699.30566,128.6943359375
1694,1634.2561,59.743896484375
3175,3158.6228,16.377197265625
16235,16727.21,-492.2109375
15708,14576.475,1131.525390625
6065,5935.688,129.31201171875
6108,5851.1924,256.8076171875
827,1037.8049,-210.804931640625
810,839.8135,-29.8134765625
3276,3565.7185,-289.718505859375
15826,17038.277,-1212.27734375
4592,5017.992,-425.9921875
2503,2678.597,-175.596923828125
826,1135.5425,-309.54248046875
2070,1735.0715,334.928466796875
590,737.2554,-147.25537109375
5834,6351.252,-517.251953125
2835,3043.5974,-208.597412109375
3573,4817.8027,-1244.802734375
1914,1975.8223,-61.822265625
3267,2829.4758,437.524169921875
2197,3011.357,-814.35693359375
364,166.92432,197.07568359375
4535,5145.8813,-610.88134765625
6566,6176.131,389.869140625
900,727.19727,172.802734375
2066,2034.9606,31.0394287109375
3899,3762.7534,136.24658203125
2288,2233.7212,54.27880859375
11780,12871.519,-1091.5185546875
687,837.26807,-150.26806640625
2333,2396.4858,-63.48583984375
3773,4492.469,-719.46923828125
4146,3942.0828,203.917236328125
1061,974.87256,86.12744140625
6714,7011.3643,-297.3642578125
5014,5017.2393,-3.2392578125
18325,17008.635,1316.365234375
1232,1259.5884,-27.58837890625
7340,7481.7725,-141.7724609375
1367,1524.6277,-157.627685546875
4985,4717.8125,267.1875
12196,10775.139,1420.861328125
15992,16820.674,-828.673828125
3669,3511.2817,157.71826171875
3856,3723.3525,132.6474609375
1120,1270.8816,-150.881591796875
489,589.9031,-100.903076171875
3521,3983.5356,-462.53564453125
706,824.31616,-118.316162109375
4740,3941.8335,798.16650390625
737,928.20483,-191.204833984375
605,672.36597,-67.365966796875
668,822.9546,-154.95458984375
7197,6546.1445,650.85546875
1212,1313.7056,-101.70556640625
1983,1769.7715,213.228515625
2743,2801.5498,-58.5498046875
12255,12904.778,-649.7783203125
7999,8650.807,-651.806640625
6169,5792.286,376.7138671875
666,759.59985,-93.599853515625
6145,5353.0083,791.99169921875
6007,6369.6436,-362.6435546875
698,759.20557,-61.20556640625
2697,2781.3804,-84.38037109375
957,1057.1826,-100.1826171875
4417,4151.8535,265.146484375
3631,4449.268,-818.26806640625
9609,10160.074,-551.07421875
10055,12637.631,-2582.630859375
5988,6122.331,-134.3310546875
791,864.2285,-73.228515625
4678,4900.745,-222.7451171875
499,633.1333,-134.13330078125
6303,5728.841,574.1591796875
6168,6464.022,-296.02197265625
10929,11771.796,-842.7958984375
18706,15463.484,3242.515625
2662,2688.1743,-26.17431640625
8139,8217.838,-78.837890625
459,514.78784,-55.787841796875
1397,1361.4043,35.595703125
13626,13853.074,-227.07421875
1080,920.12695,159.873046875
11330,13830.748,-2500.748046875
1387,1230.9207,156.079345703125
3304,3109.3628,194.63720703125
6232,6212.593,19.4072265625
767,830.407,-63.406982421875
3461,4228.992,-767.9921875
682,811.8047,-129.8046875
4899,5050.0107,-151.0107421875
1622,1843.6548,-221.65478515625
5920,6340.791,-420.791015625
17515,17290.32,224.6796875
4114,3588.6895,525.310546875
7392,7444.1826,-52.1826171875
3478,3538.7961,-60.796142578125
1076,1165.3987,-89.398681640625
775,811.4326,-36.4326171875
14194,15662.246,-1468.24609375
4843,4635.433,207.56689453125
10866,11452.928,-586.927734375
13189,13696.007,-507.0068359375
2264,2195.3545,68.6455078125
3312,3896.9556,-584.95556640625
1111,1180.3972,-69.397216796875
1033,1052.8167,-19.816650390625
1664,1653.6501,10.349853515625
1053,1048.3147,4.685302734375
12182,13063.902,-881.90234375
1846,2259.5889,-413.5888671875
1059,1099.7222,-40.72216796875
4733,4889.2144,-156.21435546875
5543,5627.9165,-84.91650390625
540,552.7107,-12.710693359375
424,441.54443,-17.54443359375
6541,6101.486,439.51416015625
4340,4389.6143,-49.6142578125
1767,1733.2805,33.719482421875
1964,2313.615,-349.614990234375
5599,5135.3184,463.681640625
2066,2030.8573,35.1427001953125
1607,1745.6353,-138.63525390625
2206,2116.3662,89.6337890625
6468,6770.673,-302.6728515625
1374,1153.2319,220.76806640625
559,678.26196,-119.261962890625
3578,3072.0916,505.908447265625
1125,1101.2961,23.703857421875
704,1081.471,-377.470947265625
462,491.1306,-29.130615234375
3755,4180.7964,-425.79638671875
12319,12750.379,-431.37890625
4808,4803.7544,4.24560546875
8485,8166.2217,318.7783203125
1902,1921.6167,-19.61669921875
612,523.5486,88.451416015625
1387,1436.9993,-49.999267578125
852,947.20557,-95.20556640625
1737,1898.187,-161.18701171875
8829,8012.6465,816.353515625
1385,1310.8782,74.121826171875
2283,2259.3765,23.62353515625
2250,1900.5444,349.45556640625
1276,1107.3362,168.663818359375
5050,4827.1934,222.806640625
3537,3540.472,-3.471923828125
3434,3037.8726,396.12744140625
1642,1683.4441,-41.444091796875
4786,5656.969,-870.96923828125
4489,4807.748,-318.748046875
895,1071.5225,-176.5224609375
2302,2560.1294,-258.12939453125
579,588.6575,-9.657470703125
7528,7746.963,-218.962890625
3306,3938.2148,-632.21484375
1615,1474.9346,140.0654296875
596,708.25,-112.25
705,890.40063,-185.400634765625
12629,14061.862,-1432.8623046875
5947,7842.336,-1895.3359375
6997,6530.8257,466.17431640625
4423,4755.5293,-332.529296875
760,965.41284,-205.412841796875
556,691.6477,-135.647705078125
3769,3560.937,208.06298828125
2647,2464.5146,182.4853515625
732,652.63306,79.366943359375
4854,5100.9883,-246.98828125
2821,2784.4016,36.598388671875
13675,12861.184,813.81640625
1433,1521.5945,-88.594482421875
6266,8542.882,-2276.8818359375
1171,1358.0393,-187.039306640625
10171,10377.713,-206.712890625
5759,7645.9565,-1886.95654296875
3018,3011.722,6.278076171875
1111,1186.3562,-75.356201171875
11019,11391.867,-372.8671875
870,945.55786,-75.557861328125
707,714.68555,-7.685546875
1433,1559.7998,-126.7998046875
3837,4162.235,-325.23486328125
4059,3722.0566,336.943359375
720,577.3779,142.6220703125
526,436.63525,89.36474609375
5493,5411.888,81.11181640625
6309,6800.2256,-491.2255859375
3792,4116.931,-324.93115234375
526,464.52588,61.47412109375
711,933.8369,-222.8369140625
4958,4692.679,265.32080078125
11416,13232.784,-1816.7841796875
1289,1287.5337,1.46630859375
3862,4705.1167,-843.11669921875
3065,3042.4985,22.50146484375
2772,2538.607,233.39306640625
709,596.77344,112.2265625
1048,1058.7144,-10.71435546875
3017,3026.5952,-9.59521484375
15535,18906.75,-3371.75
526,431.8728,94.127197265625
1235,1015.8965,219.103515625
526,555.572,-29.572021484375
1133,1176.6589,-43.658935546875
3634,4655.908,-1021.908203125
2682,2749.6777,-67.677734375
12141,10727.341,1413.6591796875
2190,2519.4492,-329.44921875
11048,11280.766,-232.765625
2033,2079.7305,-46.73046875
2832,2796.635,35.364990234375
8709,12201.986,-3492.986328125
545,532.4651,12.534912109375
6070,6176.542,-106.5419921875
1746,1523.4292,222.57080078125
4400,4419.363,-19.36279296875
488,498.10278,-10.102783203125
9968,9749.614,218.3857421875
12315,10016.283,2298.716796875
8099,7029.8975,1069.1025390625
3304,3058.4558,245.544189453125
6282,5912.307,369.69287109375
4362,4200.197,161.80322265625
2137,1987.3491,149.65087890625
4698,5128.4185,-430.41845703125
706,839.20435,-133.204345703125
506,361.46118,144.538818359375
1550,1489.7722,60.227783203125
1063,943.552,119.447998046875
8298,9413.751,-1115.7509765625
3398,3355.5415,42.45849609375
1068,1220.6038,-152.603759765625
730,754.06274,-24.062744140625
8689,9146.134,-457.1337890625
3185,3949.1226,-764.12255859375
4935,5157.712,-222.7119140625
11021,10887.487,133.5126953125
5612,5397.048,214.9521484375
8268,8766.372,-498.3720703125
1387,1261.6848,125.315185546875
14433,13325.958,1107.0419921875
4200,4196.5337,3.46630859375
1357,1364.5935,-7.593505859375
13892,13741.765,150.2353515625
1133,1125.9854,7.0146484375
10550,10580.094,-30.09375
954,1019.1245,-65.12451171875
4604,5305.1626,-701.16259765625
827,724.272,102.72802734375
4031,4424.1787,-393.1787109375
1109,1220.4153,-111.415283203125
569,710.33813,-141.338134765625
4831,5241.63,-410.6298828125
419,270.5808,148.419189453125
9138,9421.151,-283.1513671875
1402,1390.1965,11.803466796875
10687,10490.555,196.4453125
2827,2706.7026,120.29736328125
6458,6277.1484,180.8515625
3689,4373.1206,-684.12060546875
927,1129.0127,-202.0126953125
4015,4280.03,-265.02978515625
15801,17874.477,-2073.4765625
2395,2807.407,-412.406982421875
608,502.08545,105.91455078125
2841,3484.071,-643.071044921875
2489,2807.154,-318.154052734375
472,520.11523,-48.115234375
778,757.0359,20.964111328125
900,751.6548,148.34521484375
1847,1640.1111,206.888916015625
5669,4659.732,1009.26806640625
10730,11062.605,-332.60546875
591,636.97095,-45.970947265625
719,803.52783,-84.52783203125
752,810.8618,-58.86181640625
1792,1869.3904,-77.390380859375
811,897.0532,-86.05322265625
1077,1124.5518,-47.5517578125
8107,8041.245,65.7548828125
7089,6380.8447,708.1552734375
4416,4338.3,77.7001953125
648,553.21826,94.78173828125
11081,10219.5,861.5
4900,5089.549,-189.548828125
765,632.9829,132.01708984375
2039,2151.4346,-112.4345703125
720,645.50244,74.49755859375
4632,4763.422,-131.421875
2065,2102.0918,-37.091796875
5315,5116.113,198.88720703125
11382,11432.109,-50.109375
5051,5118.867,-67.8671875
601,610.43726,-9.437255859375
1664,1878.8279,-214.827880859375
1401,1387.552,13.447998046875
828,734.40186,93.59814453125
6532,6488.981,43.01904296875
758,832.23267,-74.232666015625
14768,13646.002,1121.998046875
16189,14105.869,2083.130859375
6129,5897.6533,231.3466796875
4116,4674.3096,-558.3095703125
7291,7451.962,-160.9619140625
665,721.87964,-56.879638671875
665,708.6631,-43.6630859375
998,946.5471,51.452880859375
789,850.33765,-61.337646484375
586,567.92334,18.07666015625
4191,4979.8105,-788.810546875
14146,14065.7705,80.2294921875
1932,2087.669,-155.6689453125
491,604.20435,-113.204345703125
5849,6968.882,-1119.8818359375
2522,2479.2231,42.77685546875
2934,2822.434,111.56591796875
1605,1624.2498,-19.249755859375
1406,1513.5349,-107.534912109375
844,693.16895,150.8310546875
13007,14643.6045,-1636.6044921875
2989,3130.8655,-141.865478515625
4260,4998.242,-738.2421875
864,913.72925,-49.729248046875
3722,3376.5095,345.490478515625
12787,12249.665,537.3349609375
678,548.84106,129.158935546875
1397,1305.0352,91.96484375
743,789.9248,-46.9248046875
5327,5421.4893,-94.4892578125
382,361.49097,20.509033203125
4672,4629.947,42.05322265625
2175,2542.949,-367.948974609375
8287,8884.926,-597.92578125
4463,5290.0312,-827.03125
1668,1662.8503,5.149658203125
1009,791.05664,217.943359375
4540,5158.505,-618.5048828125
1102,1255.9644,-153.96435546875
1313,1285.9087,27.09130859375
5396,5099.9043,296.095703125
886,948.4214,-62.42138671875
1941,1845.0532,95.94677734375
698,645.92163,52.078369140625
8106,7746.447,359.55322265625
11420,11597.843,-177.8427734375
1628,1695.1577,-67.15771484375
6112,6057.774,54.22607421875
2726,3063.7136,-337.713623046875
18149,16920.58,1228.419921875
2643,2902.6826,-259.6826171875
1435,1765.9565,-330.95654296875
1223,1341.7405,-118.740478515625
2318,1853.5576,464.4423828125
895,1209.2268,-314.226806640625
1238,1317.4761,-79.47607421875
6256,6509.0557,-253.0556640625
639,708.39233,-69.392333984375
917,988.31226,-71.312255859375
2274,1898.2971,375.702880859375
5524,5355.1626,168.83740234375
5047,5276.225,-229.22509765625
9444,9083.123,360.876953125
842,1017.18726,-175.187255859375
1066,1203.2817,-137.28173828125
1744,2009.7133,-265.7132568359375
6606,6398.226,207.77392578125
4463,4453.7964,9.20361328125
662,537.96924,124.03076171875
921,1020.2029,-99.202880859375
3006,3093.2866,-87.28662109375
658,639.14453,18.85546875
650,801.21924,-151.21923828125
739,778.1516,-39.151611328125
9032,8264.391,767.609375
4106,5470.9326,-1364.9326171875
14330,14008.95,321.0498046875
683,805.21094,-122.2109375
14486,14101.085,384.9150390625
847,903.5791,-56.5791015625
3124,2928.4626,195.537353515625
1813,1689.6047,123.395263671875
1980,1832.5918,147.408203125
1652,1629.3806,22.619384765625
703,818.66943,-115.66943359375
18293,15816.995,2476.0048828125
992,1068.4302,-76.43017578125
17936,16341.826,1594.173828125
710,737.5498,-27.5498046875
2203,1790.26,412.739990234375
1781,1593.6067,187.393310546875
873,1009.2488,-136.248779296875
7154,8754.207,-1600.20703125
7433,8045.2314,-612.2314453125
13818,15253.399,-1435.3994140625
1358,1304.8132,53.186767578125
1698,2124.9465,-426.946533203125
854,732.6323,121.36767578125
7755,9362.67,-1607.669921875
2918,2937.4175,-19.41748046875
766,896.7656,-130.765625
2774,2415.9185,358.08154296875
4187,4144.6577,42.34228515625
4842,5225.4834,-383.4833984375
1828,1671.7717,156.228271484375
4626,4642.919,-16.9189453125
838,972.4468,-134.44677734375
15783,15574.62,208.3798828125
1569,1541.7134,27.28662109375
1984,2010.1283,-26.1282958984375
5262,5468.0366,-206.03662109375
695,699.5503,-4.55029296875
1256,1299.6643,-43.664306640625
1030,1113.2769,-83.27685546875
10691,12377.089,-1686.0888671875
2012,1965.9998,46.000244140625
3987,4269.993,-282.9931640625
2815,2798.865,16.135009765625
2870,3385.2656,-515.265625
3419,4016.1309,-597.130859375
2974,3975.7974,-1001.79736328125
2241,2395.4353,-154.435302734375
1289,1489.9253,-200.92529296875
1056,1266.5266,-210.526611328125
5260,5432.908,-172.908203125
2138,1683.9634,454.03662109375
4548,4272.9844,275.015625
4402,4770.2764,-368.2763671875
5797,6104.1123,-307.1123046875
2453,2947.9934,-494.993408203125
3105,3087.8489,17.151123046875
1289,1328.1499,-39.14990234375
1079,1247.0527,-168.052734375
599,715.49097,-116.490966796875
625,625.9585,-0.95849609375
454,593.32104,-139.321044921875
658,671.5759,-13.575927734375
1436,1449.4673,-13.46728515625
756,636.7395,119.260498046875
2844,2661.4697,182.5302734375
4209,4609.6846,-400.6845703125
1015,889.57153,125.428466796875
918,999.4458,-81.44580078125
872,674.94604,197.053955078125
941,885.20386,55.796142578125
1385,1332.1665,52.83349609375
6048,5745.308,302.69189453125
995,835.6531,159.346923828125
2708,2362.3108,345.689208984375
755,851.1389,-96.138916015625
2005,2343.7463,-338.746337890625
707,780.7217,-73.7216796875
8975,7435.841,1539.1591796875
918,973.2273,-55.227294921875
4520,5000.464,-480.4638671875
1721,1703.3176,17.682373046875
6470,6560.5674,-90.5673828125
723,792.94336,-69.943359375
473,583.8396,-110.839599609375
4887,4860.763,26.23681640625
1760,1818.8264,-58.826416015625
3000,3135.0996,-135.099609375
4465,4909.1875,-444.1875
5387,5289.322,97.67822265625
1220,1224.9165,-4.91650390625
3351,3895.2844,-544.284423828125
1046,816.16235,229.837646484375
6534,6760.67,-226.669921875
3427,3866.7473,-439.747314453125
5149,5528.913,-379.9130859375
3784,4046.7063,-262.706298828125
1040,846.6338,193.3662109375
3464,3161.8386,302.161376953125
1838,1704.6719,133.328125
2298,2430.9053,-132.9052734375
789,790.4199,-1.419921875
7118,7869.489,-751.48876953125
2871,2527.412,343.587890625
5698,5647.1895,50.810546875
666,743.56104,-77.56103515625
1287,1220.2654,66.734619140625
778,762.01074,15.9892578125
4949,4924.534,24.4658203125
10850,10596.551,253.44921875
704,421.52515,282.474853515625
833,854.667,-21.6669921875
5689,5259.3276,429.67236328125
1413,1581.5217,-168.521728515625
828,813.7727,14.227294921875
2406,2652.8105,-246.810546875
442,414.1665,27.83349609375
2473,2626.5183,-153.518310546875
561,591.1228,-30.122802734375
2818,2877.6377,-59.6376953125
4443,4870.4385,-427.4384765625
1101,1222.5471,-121.547119140625
1061,950.4829,110.51708984375
5496,5394.8228,101.17724609375
1812,1803.0823,8.917724609375
9095,9763.946,-668.9462890625
4679,4253.8965,425.103515625
1243,1295.4338,-52.433837890625
7242,6959.098,282.90185546875
1015,1010.8794,4.12060546875
8643,8463.69,179.3095703125
867,966.65015,-99.650146484375
4900,5988.1733,-1088.17333984375
776,694.1128,81.88720703125
8852,8863.222,-11.2216796875
4516,3763.6877,752.312255859375
1808,2166.4348,-358.434814453125
6140,6085.89,54.10986328125
704,827.14307,-123.14306640625
2386,2808.2493,-422.249267578125
682,602.3008,79.69921875
625,716.9856,-91.985595703125
5169,6922.241,-1753.2412109375
5584,5696.843,-112.8427734375
5260,5117.377,142.623046875
1210,1500.2156,-290.215576171875
7750,8412.317,-662.3173828125
4183,4338.065,-155.06494140625
863,909.69214,-46.692138671875
17433,17080.098,352.90234375
2777,2602.1643,174.835693359375
14813,17194.07,-2381.0703125
5578,5605.7217,-27.7216796875
9384,12773.538,-3389.5380859375
1453,1421.1575,31.842529296875
8016,7298.0225,717.9775390625
2975,3089.9543,-114.954345703125
9335,9628.949,-293.94921875
3312,3314.8538,-2.853759765625
3429,3316.6248,112.375244140625
5692,6256.471,-564.47119140625
1220,1184.5222,35.477783203125
1146,1117.262,28.738037109375
883,957.82837,-74.828369140625
2847,3160.3943,-313.394287109375
5549,5819.3643,-270.3642578125
628,698.0845,-70.08447265625
4498,4888.9404,-390.9404296875
13642,13845.669,-203.6689453125
3998,3790.987,207.012939453125
544,505.65332,38.3466796875
4109,4863.324,-754.32421875
16797,16053.026,743.9736328125
913,1013.32983,-100.329833984375
7016,6089.147,926.85302734375
886,955.69165,-69.691650390625
6097,6196.493,-99.4931640625
2340,2846.0706,-506.070556640625
710,706.75757,3.242431640625
650,672.9175,-22.91748046875
5572,4669.572,902.42822265625
3180,3476.3706,-296.37060546875
789,852.6365,-63.636474609375
2550,2491.1912,58.808837890625
7604,7202.4434,401.556640625
11455,10389.98,1065.01953125
3118,3599.926,-481.926025390625
11406,11659.631,-253.630859375
2634,2869.7417,-235.74169921875
2314,2129.5947,184.4052734375
838,860.3362,-22.336181640625
833,1077.2588,-244.2587890625
2133,2284.5476,-151.547607421875
1107,1016.2761,90.723876953125
8820,8680.876,139.1240234375
14156,13195.982,960.017578125
9892,10871.73,-979.73046875
4031,3908.2124,122.78759765625
4470,4390.7324,79.267578125
14042,15584.439,-1542.439453125
1024,947.093,76.906982421875
1059,1140.7603,-81.76025390625
5686,5033.7993,652.20068359375
4676,4878.9663,-202.96630859375
844,689.7246,154.275390625
1008,1002.76245,5.237548828125
2098,3189.183,-1091.18310546875
2600,2611.4023,-11.40234375
6826,5796.8037,1029.1962890625
842,1040.0405,-198.04052734375
8279,8453.449,-174.44921875
452,639.65063,-187.650634765625
7635,7546.954,88.0458984375
1081,1427.7795,-346.779541015625
730,697.3198,32.68017578125
2891,3106.8945,-215.89453125
788,791.58716,-3.587158203125
5783,5433.981,349.01904296875
1559,1555.0063,3.99365234375
6864,7151.034,-287.0341796875
4026,4352.4634,-326.46337890625
2821,2708.6123,112.3876953125
1040,863.1387,176.861328125
789,896.4099,-107.409912109375
1033,867.9983,165.001708984375
3501,3390.8984,110.1015625
10197,12553.716,-2356.7158203125
974,1061.3857,-87.3857421875
1239,1192.0593,46.940673828125
1668,1762.5623,-94.562255859375
605,609.32324,-4.3232421875
924,905.8313,18.168701171875
5634,5800.325,-166.3251953125
544,600.1428,-56.142822265625
6169,6193.9707,-24.970703125
12968,13611.064,-643.064453125
2176,2040.3298,135.670166015625
12716,12397.733,318.2666015625
4662,4622.96,39.0400390625
2564,2846.8948,-282.894775390625
711,850.4856,-139.485595703125
538,616.4802,-78.480224609375
1431,1420.0181,10.98193359375
6533,5950.235,582.76513671875
720,560.15576,159.84423828125
1438,1352.4861,85.513916015625
911,759.9866,151.013427734375
1264,1231.3369,32.6630859375
491,452.95703,38.04296875
4989,4910.557,78.44287109375
2165,2112.128,52.8720703125
11660,10558.627,1101.373046875
4413,5303.937,-890.93701171875
1668,1597.9175,70.08251953125
1778,1526.9285,251.071533203125
10556,10368.783,187.216796875
8958,9306.236,-348.236328125
2268,2250.1636,17.83642578125
1778,1686.3408,91.6591796875
6982,7067.9277,-85.927734375
3123,3525.4382,-402.438232421875
4799,5203.366,-404.3662109375
648,635.4656,12.534423828125
5904,5100.3105,803.689453125
2372,2611.7617,-239.76171875
1935,1843.2876,91.71240234375
4044,4414.289,-370.2890625
4702,5107.9956,-405.99560546875
12831,16881.629,-4050.62890625
5664,5081.2114,582.78857421875
6971,8094.7725,-1123.7724609375
6187,6487.319,-300.31884765625
2327,2298.563,28.43701171875
8620,8982.866,-362.8662109375
18797,17412.701,1384.298828125
5984,6355.9844,-371.984375
6132,5645.4004,486.599609375
5209,5618.168,-409.16796875
616,669.4326,-53.4326171875
5485,5574.4487,-89.44873046875
684,773.07227,-89.072265625
4326,4982.9365,-656.9365234375
5012,5326.263,-314.26318359375
1304,1569.3782,-265.378173828125
675,620.9944,54.005615234375
16709,16561.863,147.13671875
1259,1343.3774,-84.37744140625
1412,1349.0615,62.9384765625
2384,2558.249,-174.2490234375
7145,7940.3667,-795.36669921875
4043,4273.1123,-230.1123046875
600,609.09595,-9.095947265625
489,638.5576,-149.5576171875
10567,11008.4375,-441.4375
2941,3050.3718,-109.371826171875
620,600.0193,19.980712890625
603,680.4573,-77.457275390625
2102,2202.0942,-100.09423828125
13097,11885.045,1211.955078125
874,714.5132,159.48681640625
839,813.41675,25.583251953125
13340,13679.944,-339.9443359375
11233,11780.043,-547.04296875
7173,6421.927,751.0732421875
6857,7117.5645,-260.564453125
1323,1462.1907,-139.190673828125
1002,853.27563,148.724365234375
1372,1230.3889,141.611083984375
1279,1359.2202,-80.22021484375
8736,8406.664,329.3359375
752,742.15625,9.84375
3709,3527.3323,181.667724609375
680,725.0447,-45.044677734375
929,1017.1753,-88.17529296875
2930,3045.4214,-115.42138671875
3997,4229.397,-232.39697265625
1614,1629.6199,-15.619873046875
3595,3899.518,-304.51806640625
418,429.5376,-11.53759765625
2715,2974.5217,-259.521728515625
12985,12823.074,161.92578125
532,490.83423,41.165771484375
506,396.34253,109.657470703125
2122,2157.9775,-35.9775390625
3572,3965.032,-393.031982421875
1337,1643.5449,-306.544921875
12857,15374.14,-2517.1396484375
8592,9165.223,-573.22265625
10342,10538.551,-196.55078125
1279,1221.1519,57.84814453125
945,1170.4155,-225.41552734375
5822,5858.23,-36.22998046875
896,1015.31055,-119.310546875
497,471.20166,25.79833984375
3087,3005.8076,81.1923828125
571,644.4031,-73.403076171875
4717,4641.2646,75.7353515625
3036,3692.268,-656.26806640625
734,720.7461,13.25390625
394,390.05396,3.946044921875
536,404.99316,131.0068359375
2400,2823.7283,-423.728271484375
3754,3880.3274,-126.327392578125
4005,4064.3071,-59.30712890625
9212,8976.44,235.5595703125
994,1319.7659,-325.765869140625
11650,9432.648,2217.3515625
6076,6390.5444,-314.54443359375
7982,8109.795,-127.794921875
2822,2778.1353,43.86474609375
7056,7211.1,-155.10009765625
827,891.1006,-64.1005859375
6303,6124.0166,178.9833984375
998,1060.4932,-62.4931640625
1125,1079.9756,45.0244140625
645,691.85645,-46.8564453125
789,804.7085,-15.70849609375
3385,3141.1733,243.82666015625
2730,2548.1934,181.806640625
2822,2716.2715,105.728515625
7181,7762.2646,-581.2646484375
540,397.2583,142.74169921875
4093,4227.072,-134.07177734375
746,629.51636,116.483642578125
2791,3035.0679,-244.06787109375
2306,2225.8167,80.183349609375
1040,883.7998,156.2001953125
2970,3623.6035,-653.603515625
4160,4232.536,-72.5361328125
846,854.895,-8.89501953125
2686,3215.2876,-529.28759765625
4034,4248.395,-214.39501953125
502,533.2239,-31.223876953125
4181,4350.857,-169.85693359375
10663,11867.967,-1204.966796875
1438,1354.3862,83.61376953125
7176,7602.6245,-426.62451171875
3891,5584.329,-1693.3291015625
2691,3089.3726,-398.37255859375
2915,3004.0154,-89.015380859375
2583,2442.3574,140.642578125
1061,976.24585,84.754150390625
505,426.646,78.35400390625
9513,10445.873,-932.873046875
4471,5219.3784,-748.37841796875
559,653.6306,-94.630615234375
3252,2995.644,256.35595703125
2390,2545.6877,-155.687744140625
593,499.66675,93.333251953125
741,840.417,-99.4169921875
2444,2786.5977,-342.59765625
620,712.2761,-92.276123046875
8076,10710.869,-2634.869140625
4200,4612.1196,-412.11962890625
911,705.8616,205.138427734375
16041,16319.933,-278.9326171875
492,521.67676,-29.6767578125
3348,4027.9072,-679.9072265625
12150,12947.645,-797.64453125
459,361.57837,97.421630859375
7740,7167.3154,572.6845703125
6642,6400.1094,241.890625
5702,5367.297,334.703125
15843,16485.637,-642.63671875
10235,10478.765,-243.7646484375
3786,4390.868,-604.8681640625
432,461.00024,-29.000244140625
5292,5476.6836,-184.68359375
844,1053.5935,-209.593505859375
571,635.78296,-64.782958984375
473,474.11426,-1.1142578125
1320,1134.981,185.01904296875
2076,2215.6484,-139.6484375
10913,9186.299,1726.701171875
1125,1118.7615,6.238525390625
929,1007.61206,-78.612060546875
9494,9931.521,-437.521484375
551,588.93677,-37.936767578125
6653,6678.4863,-25.486328125
1375,1545.4209,-170.4208984375
6683,6671.5933,11.40673828125
6742,6306.382,435.6181640625
478,502.68945,-24.689453125
4704,4763.774,-59.77392578125
408,483.98413,-75.984130859375
1007,1026.24,-19.239990234375
4914,5072.2744,-158.2744140625
1333,1415.6301,-82.630126953125
10211,9543.803,667.197265625
1815,1618.0344,196.965576171875
2211,2368.1665,-157.16650390625
526,511.86865,14.13134765625
2058,2187.538,-129.5380859375
8869,8133.8096,735.1904296875
9519,9128.821,390.1787109375
599,600.8955,-1.8955078125
13945,12186.208,1758.7919921875
794,729.30444,64.695556640625
361,494.43066,-133.4306640625
734,744.5676,-10.567626953125
7445,7134.8496,310.150390625
1349,1251.2161,97.783935546875
5119,5046.509,72.4912109375
3932,4685.587,-753.5869140625
2266,2251.8447,14.1552734375
4186,5198.05,-1012.0498046875
6552,6547.92,4.080078125
744,736.5901,7.409912109375
1153,1148.0103,4.98974609375
1815,1639.9629,175.037109375
4586,4981.2285,-395.228515625
9261,8054.079,1206.9208984375
1642,1802.7886,-160.78857421875
1662,2210.7017,-548.70166015625
7493,7052.33,440.669921875
3669,4173.733,-504.73291015625
2961,2956.5017,4.498291015625
1317,1366.2751,-49.275146484375
1079,1133.5344,-54.534423828125
666,666.959,-0.958984375
1760,1797.3481,-37.34814453125
592,639.5305,-47.530517578125
574,596.4719,-22.471923828125
5207,5097.299,109.701171875
4351,4924.0366,-573.03662109375
1668,1775.3997,-107.399658203125
1132,1235.0459,-103.0458984375
384,339.2356,44.764404296875
7922,12605.865,-4683.865234375
417,405.07617,11.923828125
4426,5156.0215,-730.021484375
2184,2162.9004,21.099609375
1027,1174.5242,-147.524169921875
7964,7723.264,240.73583984375
946,1003.9939,-57.993896484375
6444,6218.6562,225.34375
2056,2254.134,-198.134033203125
3173,3189.9617,-16.961669921875
2377,2291.085,85.9150390625
7535,7665.121,-130.12109375
4693,4814.3154,-121.3154296875
1214,1249.709,-35.708984375
899,1038.6616,-139.66162109375
4497,4353.623,143.376953125
1173,1391.408,-218.407958984375
1433,1422.1191,10.880859375
1131,997.5471,133.452880859375
2867,3114.5327,-247.53271484375
8311,7927.8135,383.1865234375
904,897.95215,6.0478515625
722,846.80225,-124.80224609375
4355,4326.489,28.51123046875
544,507.9812,36.018798828125
394,183.08716,210.912841796875
12798,14272.254,-1474.25390625
9177,8300.2295,876.7705078125
3035,3010.2979,24.7021484375
12224,12130.234,93.765625
9598,9672.889,-74.888671875
2360,2417.2524,-57.25244140625
575,546.4922,28.5078125
4838,4939.6377,-101.6376953125
2300,2177.1025,122.8974609375
6564,6299.1167,264.88330078125
5999,6342.866,-343.8662109375
4088,3958.0386,129.96142578125
4413,4066.892,346.10791015625
5606,4961.4263,644.57373046875
612,643.77637,-31.7763671875
2041,2227.1538,-186.15380859375
3329,3795.8118,-466.811767578125
2100,2236.5657,-136.565673828125
5147,5435.3315,-288.33154296875
3084,3264.3496,-180.349609375
4275,3779.3127,495.687255859375
7469,9241.65,-1772.650390625
764,802.2373,-38.2373046875
5767,6149.54,-382.5400390625
8897,9930.096,-1033.095703125
4596,5424.0303,-828.0302734375
1195,1465.9353,-270.935302734375
14428,14506.535,-78.53515625
809,844.2959,-35.2958984375
1221,1176.261,44.739013671875
1610,1435.4204,174.57958984375
4284,4416.025,-132.02490234375
9092,7723.66,1368.33984375
12988,13926.862,-938.8623046875
1571,1574.4124,-3.412353515625
6963,6865.208,97.7919921875
645,693.2134,-48.21337890625
4007,3349.5325,657.467529296875
652,713.6084,-61.6083984375
945,765.5857,179.414306640625
561,627.18774,-66.187744140625
1786,1684.1602,101.83984375
459,530.2468,-71.246826171875
7130,7270.6616,-140.66162109375
2657,2344.6978,312.30224609375
644,795.60693,-151.60693359375
4068,4346.4937,-278.49365234375
7220,8979.998,-1759.998046875
5211,5285.6377,-74.6376953125
9552,9922.466,-370.4658203125
1778,1741.5266,36.473388671875
2447,2665.3765,-218.37646484375
4766,4837.565,-71.56494140625
878,692.2976,185.702392578125
17996,17696.086,299.9140625
1080,1030.8201,49.179931640625
2332,2784.274,-452.27392578125
2690,2816.668,-126.66796875
793,852.87354,-59.87353515625
407,457.94482,-50.94482421875
10206,10139.601,66.3994140625
7179,6596.2964,582.70361328125
621,743.6179,-122.617919921875
4155,4362.029,-207.02880859375
15857,15801.073,55.9267578125
5526,5480.2056,45.79443359375
776,613.7041,162.2958984375
736,793.77783,-57.77783203125
558,531.94946,26.050537109375
6558,6578.513,-20.51318359375
3030,3407.1113,-377.111328125
599,739.1262,-140.126220703125
4465,4410.1235,54.87646484375
5927,6317.8643,-390.8642578125
3665,3979.7793,-314.779296875
10515,10892.058,-377.0576171875
1177,1441.0518,-264.0517578125
5689,4942.71,746.2900390625
1330,1438.6904,-108.6904296875
907,733.64453,173.35546875
731,678.5835,52.41650390625
2052,1811.531,240.468994140625
630,676.6802,-46.68017578125
2016,1492.9412,523.058837890625
3810,4048.9143,-238.914306640625
827,889.7529,-62.7529296875
1956,1847.5613,108.438720703125
1017,1138.0066,-121.006591796875
1024,884.7551,139.244873046875
3251,3352.785,-101.784912109375
5358,5358.6636,-0.66357421875
473,692.6255,-219.62548828125
2088,2213.0444,-125.04443359375
17492,15883.51,1608.490234375
3485,4149.523,-664.52294921875
1550,1524.8228,25.17724609375
12991,12486.343,504.6572265625
7238,7800.6235,-562.62353515625
3852,4171.3643,-319.3642578125
9450,8373.673,1076.3271484375
566,647.9214,-81.92138671875
4811,5032.506,-221.505859375
4159,3922.8074,236.192626953125
1819,1721.4438,97.55615234375
421,394.70532,26.294677734375
4416,5656.219,-1240.21923828125
1811,2265.3965,-454.396484375
3910,4282.4556,-372.45556640625
487,715.1167,-228.11669921875
2083,2302.8428,-219.8427734375
3172,3356.0981,-184.09814453125
16140,14361.279,1778.720703125
7526,7279.585,246.4150390625
487,496.69067,-9.690673828125
1157,1216.8635,-59.863525390625
3895,4278.397,-383.39697265625
9274,9917.754,-643.75390625
1877,1844.3176,32.682373046875
3702,3065.899,636.10107421875
921,977.93945,-56.939453125
14236,17236.93,-3000.9296875
408,399.1941,8.805908203125
15559,17468.854,-1909.853515625
898,846.1941,51.805908203125
1578,1811.718,-233.718017578125
1785,1898.7114,-113.71142578125
408,480.7412,-72.7412109375
13477,13249.356,227.6435546875
775,865.23804,-90.238037109375
1026,1027.509,-1.509033203125
603,621.7805,-18.780517578125
4843,4523.605,319.39501953125
710,628.39185,81.608154296875
2095,2500.1196,-405.11962890625
544,636.9219,-92.921875
675,564.32227,110.677734375
2834,3143.5496,-309.549560546875
2468,2632.3547,-164.354736328125
7300,9349.799,-2049.798828125
4574,4673.7285,-99.728515625
1670,1596.9316,73.068359375
3921,3820.254,100.74609375
3136,3141.773,-5.77294921875
2232,2412.3318,-180.331787109375
470,562.2251,-92.22509765625
11455,13197.654,-1742.654296875
7399,7069.997,329.0029296875
755,852.42505,-97.425048828125
1176,1398.0618,-222.061767578125
740,710.2324,29.767578125
13872,14434.152,-562.15234375
532,670.2053,-138.205322265625
1550,1898.8429,-348.8428955078125
3083,3100.7412,-17.7412109375
10618,10182.592,435.408203125
14394,17010.56,-2616.560546875
865,1043.0488,-178.048828125
2208,2241.035,-33.034912109375
5178,5349.7686,-171.7685546875
914,900.084,13.916015625
420,346.08228,73.917724609375
2817,3351.1487,-534.148681640625
921,1169.4109,-248.410888671875
628,653.74365,-25.74365234375
1654,1483.5874,170.41259765625
6106,5962.83,143.169921875
2153,1830.1167,322.88330078125
1002,816.09644,185.903564453125
3038,3045.1968,-7.19677734375
1833,1841.0066,-8.006591796875
6648,6493.7764,154.2236328125
3842,3851.5552,-9.55517578125
649,825.344,-176.343994140625
1739,1889.8141,-150.8140869140625
1784,1789.23,-5.22998046875
5292,4607.998,684.001953125
2564,2769.1687,-205.168701171875
1041,915.3696,125.63037109375
601,470.23584,130.76416015625
2029,2215.789,-186.7890625
11370,12129.91,-759.91015625
723,743.3374,-20.33740234375
13720,12811.341,908.6591796875
5453,5206.8047,246.1953125
5677,5616.139,60.86083984375
537,600.62427,-63.624267578125
6311,6692.919,-381.9189453125
653,706.05493,-53.054931640625
4543,4527.4087,15.59130859375
1973,2003.027,-30.0269775390625
4692,4686.0312,5.96875
7378,6728.048,649.9521484375
754,1131.1741,-377.174072265625
5877,5182.851,694.14892578125
8185,9588.931,-1403.9306640625
15928,16549.104,-621.103515625
17829,17636.334,192.666015625
11861,12278.318,-417.318359375
372,289.00732,82.99267578125
1815,1675.6125,139.387451171875
18593,18653.102,-60.1015625
1173,1214.0505,-41.050537109375
11403,11698.248,-295.248046875
7190,7194.283,-4.283203125
4368,4181.8994,186.1005859375
2126,2256.303,-130.302978515625
3131,3173.9297,-42.9296875
4009,3557.435,451.56494140625
2406,2865.3735,-459.37353515625
1385,1420.5901,-35.590087890625
838,850.6162,-12.6162109375
6299,6177.914,121.0859375
1758,2109.255,-351.2548828125
526,481.91406,44.0859375
4488,4408.7583,79.24169921875
635,751.8711,-116.87109375
1438,1278.0854,159.91455078125
9997,10304.567,-307.5673828125
3944,4125.0786,-181.07861328125
3143,3395.4966,-252.49658203125
8691,8371.901,319.0986328125
1056,940.3032,115.69677734375
991,1100.333,-109.3330078125
2034,2007.1085,26.8914794921875
956,889.72925,66.270751953125
879,938.199,-59.198974609375
1681,2604.4983,-923.498291015625
4068,4345.047,-277.046875
16790,17721.963,-931.962890625
2250,2332.023,-82.02294921875
605,634.1841,-29.18408203125
3354,3222.5942,131.40576171875
732,581.1416,150.8583984375
3619,3989.9495,-370.949462890625
4253,4305.8647,-52.86474609375
9060,9425.035,-365.03515625
10852,9886.989,965.0107421875
1974,1863.2488,110.751220703125
9069,9311.865,-242.865234375
2803,2826.7327,-23.732666015625
813,897.6987,-84.69873046875
2768,2488.7266,279.2734375
1698,1689.2461,8.75390625
4869,5390.999,-521.9990234375
740,712.97876,27.021240234375
2138,2247.5264,-109.5263671875
1450,1397.7771,52.222900390625
984,1093.3508,-109.350830078125
5534,5393.633,140.3671875
838,936.9634,-98.96337890625
10222,9928.668,293.33203125
3358,3343.038,14.9619140625
2066,2036.7631,29.2369384765625
1571,1575.5376,-4.53759765625
11873,13441.022,-1568.0224609375
4906,4926.649,-20.64892578125
4274,5028.041,-754.041015625
791,866.02466,-75.024658203125
6691,6893.1934,-202.193359375
462,500.17017,-38.170166015625
573,551.79297,21.20703125
958,1122.219,-164.218994140625
3205,4009.1648,-804.164794921875
5310,5350.439,-40.43896484375
2264,2702.8276,-438.82763671875
7511,6736.627,774.373046875
6932,6607.1826,324.8173828125
7911,7704.5625,206.4375
9876,9056.857,819.142578125
8279,9716.337,-1437.3369140625
625,620.55786,4.442138671875
1761,1881.8768,-120.8768310546875
983,737.26514,245.73486328125
5887,6030.2324,-143.232421875
743,700.42847,42.571533203125
1038,1142.1194,-104.119384765625
2401,2165.3242,235.67578125
4914,5127.1025,-213.1025390625
631,617.7239,13.276123046875
3237,3475.3528,-238.352783203125
6939,7304.3647,-365.36474609375
2109,2382.9155,-273.91552734375
5255,5389.395,-134.39501953125
4004,3663.6335,340.366455078125
653,885.55615,-232.55615234375
5590,5473.866,116.1337890625
900,741.7505,158.24951171875
789,797.72925,-8.729248046875
753,846.16284,-93.162841796875
6033,5882.9683,150.03173828125
1755,1772.8145,-17.814453125
3494,3414.152,79.847900390625
14294,13183.361,1110.638671875
3546,4471.1104,-925.1103515625
4199,4068.91,130.090087890625
1215,1359.876,-144.8759765625
1828,1699.418,128.58203125
625,668.65796,-43.657958984375
1098,1071.94,26.06005859375
4900,4902.103,-2.10302734375
3145,3282.1587,-137.15869140625
17539,18316.133,-777.1328125
5058,5192.956,-134.9560546875
408,435.2649,-27.264892578125
5018,4768.982,249.01806640625
4824,4865.067,-41.06689453125
9034,10671.726,-1637.7255859375
4141,4050.226,90.77392578125
1105,1106.3027,-1.302734375
4838,4873.1924,-35.1923828125
2329,2778.6597,-449.65966796875
15166,15531.887,-365.88671875
844,667.532,176.468017578125
692,754.6655,-62.66552734375
7109,7060.575,48.4248046875
1223,1211.5181,11.48193359375
2451,2826.1675,-375.16748046875
3274,3309.5198,-35.519775390625
9077,9100.214,-23.2138671875
2274,2143.942,130.05810546875
923,836.9297,86.0703125
389,133.71973,255.2802734375
648,724.1113,-76.111328125
413,523.2175,-110.217529296875
878,878.71655,-0.716552734375
6294,5728.041,565.958984375
4241,4333.051,-92.05078125
507,485.27417,21.725830078125
3185,2773.5142,411.48583984375
1789,1832.2158,-43.2158203125
3342,3329.953,12.047119140625
658,621.8262,36.173828125
2763,3014.9143,-251.914306640625
3478,3313.823,164.177001953125
885,695.0127,189.9873046875
3473,3779.0034,-306.00341796875
3201,3443.8494,-242.849365234375
4398,4552.883,-154.8828125
706,819.37476,-113.374755859375
3333,2798.3955,534.6044921875
8710,8444.104,265.896484375
1086,991.77124,94.228759765625
6190,6529.874,-339.8740234375
4800,4717.618,82.3818359375
2430,2715.4946,-285.49462890625
2951,2805.6802,145.31982421875
403,359.45752,43.54248046875
2622,2557.0928,64.9072265625
3754,4430.242,-676.2421875
622,786.96045,-164.96044921875
1013,878.78955,134.21044921875
975,1023.98755,-48.987548828125
1813,1832.5576,-19.5576171875
1223,1783.2961,-560.296142578125
7821,7396.295,424.705078125
7569,6920.963,648.037109375
1083,978.03394,104.966064453125
17472,17416.865,55.134765625
1799,1912.4907,-113.49072265625
1739,1722.262,16.738037109375
3887,3831.639,55.361083984375
753,904.4619,-151.4619140625
4320,4470.143,-150.14306640625
1068,1073.2427,-5.24267578125
1016,1048.4321,-32.43212890625
1849,1960.7528,-111.7528076171875
652,656.28,-4.280029296875
900,705.6443,194.355712890625
2042,2423.4556,-381.45556640625
1295,1302.5947,-7.5947265625
544,603.63135,-59.63134765625
3985,4296.5957,-311.595703125
6221,5927.654,293.34619140625
3363,3249.0286,113.971435546875
1117,1111.708,5.2919921875
2327,2428.045,-101.044921875
9090,9701.074,-611.07421875
2753,2774.3472,-21.34716796875
1061,919.1792,141.82080078125
3325,2888.925,436.074951171875
10076,9557.961,518.0390625
3781,4126.0986,-345.0986328125
4739,4797.1943,-58.1943359375
1802,1810.4692,-8.46923828125
928,803.5166,124.4833984375
5100,5207.9497,-107.94970703125
5602,5437.6494,164.3505859375
7812,8611.664,-799.6640625
13737,13087.645,649.35546875
3399,3203.3618,195.63818359375
3057,3889.4111,-832.4111328125
3538,3861.4758,-323.475830078125
14720,15255.615,-535.615234375
1950,1951.162,-1.1619873046875
969,730.5513,238.44873046875
4068,4022.7925,45.20751953125
8703,8002.7163,700.28369140625
1124,992.07324,131.9267578125
4045,3897.6545,147.345458984375
557,634.97437,-77.974365234375
4391,4815.2227,-424.22265625
945,1291.5444,-346.54443359375
6221,6291.573,-70.5732421875
873,939.04443,-66.04443359375
4476,4697.5576,-221.5576171875
1857,1840.3076,16.6923828125
3975,3882.8425,92.157470703125
3813,3698.3447,114.6552734375
3400,4263.8394,-863.83935546875
2386,2342.5093,43.49072265625
7644,7917.006,-273.005859375
874,884.5281,-10.528076171875
828,778.21313,49.786865234375
5892,6467.5347,-575.53466796875
2077,2338.9773,-261.977294921875
6543,6717.267,-174.26708984375
7412,7175.7236,236.2763671875
8930,8214.103,715.8974609375
4315,4500.4614,-185.46142578125
948,1117.8052,-169.80517578125
2354,2089.9077,264.09228515625
979,884.32886,94.671142578125
1691,1482.6208,208.379150390625
6859,7473.1084,-614.1083984375
710,683.3862,26.61376953125
2745,3094.7021,-349.7021484375
1040,1061.5366,-21.53662109375
8042,8105.835,-63.8349609375
3210,3313.147,-103.14697265625
3634,4572.502,-938.501953125
4386,4217.1885,168.8115234375
7779,10512.265,-2733.2646484375
1749,1742.9114,6.088623046875
1752,1932.1808,-180.1807861328125
1656,1541.1831,114.81689453125
458,663.7451,-205.7451171875
852,910.54736,-58.54736328125
12284,16031.819,-3747.8193359375
567,614.147,-47.14697265625
673,680.0386,-7.03857421875
765,693.8533,71.146728515625
886,1087.8162,-201.816162109375
4889,4591.304,297.69580078125
972,800.2383,171.76171875
15324,18677.908,-3353.908203125
552,547.624,4.3759765625
969,887.17456,81.825439453125
9569,9839.012,-270.01171875
720,582.7883,137.211669921875
4037,4632.613,-595.61279296875
544,480.7312,63.268798828125
788,688.41187,99.588134765625
6716,7219.784,-503.7841796875
524,664.4492,-140.44921875
6554,7645.6074,-1091.607421875
1187,1252.2219,-65.221923828125
2111,2481.996,-370.99609375
3584,4149.4727,-565.47265625
1207,1184.1853,22.814697265625
1744,2009.0448,-265.0447998046875
4416,4357.88,58.1201171875
524,706.0801,-182.080078125
717,747.0459,-30.0458984375
12696,13267.417,-571.4169921875
8666,11590.789,-2924.7890625
1171,1197.8953,-26.895263671875
2323,2646.074,-323.073974609375
2867,3159.9106,-292.91064453125
669,782.1155,-113.115478515625
1235,1355.7798,-120.77978515625
2125,2409.2002,-284.2001953125
4713,4373.7314,339.2685546875
3897,4365.4346,-468.4345703125
984,1018.1111,-34.111083984375
2821,2937.0178,-116.017822265625
4496,4609.4814,-113.4814453125
906,777.917,128.0830078125
6038,5257.2295,780.7705078125
1127,1321.8643,-194.8642578125
12812,12266.339,545.6611328125
5598,5776.7173,-178.71728515625
2691,2828.1353,-137.13525390625
3259,3634.1836,-375.18359375
673,576.2925,96.70751953125
2007,2179.3882,-172.38818359375
608,506.99756,101.00244140625
2155,2295.9033,-140.9033203125
7022,6571.4707,450.529296875
1181,1115.0349,65.965087890625
2143,2754.576,-611.575927734375
8366,9106.827,-740.8271484375
7255,9949.023,-2694.0234375
5251,5902.7637,-651.763671875
2334,3024.6902,-690.690185546875
4140,4297.17,-157.169921875
3158,3423.5557,-265.5556640625
5458,5311.571,146.42919921875
1220,1300.9272,-80.92724609375
12945,12753.956,191.0439453125
516,598.66284,-82.662841796875
1135,1361.6267,-226.626708984375
5301,5147.608,153.39208984375
2312,2326.148,-14.14794921875
875,987.17896,-112.178955078125
18439,17568.627,870.373046875
12731,12939.068,-208.068359375
4989,4830.7305,158.26953125
4140,3873.3345,266.66552734375
4455,4313.2725,141.7275390625
374,584.4573,-210.457275390625
1547,1923.9691,-376.9691162109375
5156,5713.73,-557.72998046875
5627,6020.993,-393.9931640625
1415,1358.8127,56.187255859375
593,581.7798,11.22021484375
4420,4376.323,43.6767578125
1551,1606.7695,-55.76953125
13563,16319.381,-2756.380859375
8637,8911.2,-274.2001953125
15765,17271.105,-1506.10546875
1219,1223.3184,-4.318359375
789,780.3638,8.63623046875
741,806.64404,-65.64404296875
12891,13349.025,-458.025390625
5433,5555.613,-122.61279296875
4153,4376.2207,-223.220703125
3067,3200.7039,-133.703857421875
629,945.7754,-316.775390625
2535,2937.1396,-402.1396484375
1228,1114.2122,113.787841796875
450,420.47876,29.521240234375
2012,1951.6022,60.3978271484375
4205,5065.3506,-860.3505859375
2347,2578.2915,-231.29150390625
2107,2767.1897,-660.189697265625
12931,14325.269,-1394.2685546875
857,790.3679,66.632080078125
6045,6297.5854,-252.58544921875
18190,17461.928,728.072265625
1831,1738.8337,92.166259765625
773,981.03906,-208.0390625
1605,1600.5598,4.440185546875
6770,7720.6807,-950.6806640625
1292,1428.4131,-136.4130859375
727,958.3579,-231.35791015625
3011,2930.3574,80.642578125
11303,12589.957,-1286.95703125
2784,3249.4282,-465.42822265625
1402,1441.8906,-39.890625
4363,4563.257,-200.2568359375
1289,1479.0881,-190.088134765625
462,534.23535,-72.2353515625
5648,5964.9463,-316.9462890625
929,1028.8809,-99.880859375
1689,1607.6909,81.30908203125
1020,1036.648,-16.64794921875
9336,10104.186,-768.185546875
18495,17263.496,1231.50390625
706,768.87427,-62.874267578125
5267,5602.5977,-335.59765625
14032,11937.386,2094.6142578125
4435,4769.6597,-334.65966796875
526,659.9148,-133.914794921875
9012,8636.895,375.10546875
2197,2533.4863,-336.486328125
5287,4742.5205,544.4794921875
4543,4445.807,97.19287109375
1919,1790.291,128.708984375
2346,2503.4128,-157.412841796875
3101,2910.6792,190.32080078125
14749,22470.37,-7721.369140625
3304,3995.0544,-691.054443359375
2482,2308.2173,173.78271484375
8036,8148.6514,-112.6513671875
743,603.3274,139.672607421875
709,569.0847,139.915283203125
3692,4269.1494,-577.1494140625
463,431.74927,31.250732421875
2081,2387.5376,-306.53759765625
1905,1794.885,110.114990234375
4167,4516.3,-349.2998046875
10330,9363.635,966.365234375
2664,3114.6006,-450.6005859375
8537,8952.137,-415.13671875
911,698.8152,212.184814453125
6713,6585.9756,127.0244140625
1063,1191.0774,-128.077392578125
3462,3592.2754,-130.275390625
1012,1062.3813,-50.38134765625
4406,4451.2856,-45.28564453125
3260,2953.799,306.200927734375
921,992.4009,-71.40087890625
658,619.55835,38.441650390625
4492,4296.948,195.0517578125
895,952.57007,-57.570068359375
5646,5301.7197,344.2802734375
1219,1441.5881,-222.588134765625
457,556.26,-99.260009765625
738,773.40625,-35.40625
887,908.6113,-21.611328125
942,738.6631,203.3369140625
4919,4782.2,136.7998046875
970,950.49243,19.507568359375
1378,1733.0017,-355.001708984375
2073,2516.9111,-443.9111328125
1035,1113.7795,-78.779541015625
984,1041.22,-57.219970703125
18369,17226.824,1142.17578125
737,890.4866,-153.486572265625
1240,1261.6389,-21.638916015625
700,757.8345,-57.83447265625
7059,6603.1343,455.86572265625
6757,6588.032,168.9677734375
8647,7646.6777,1000.322265625
2230,2338.151,-108.15087890625
5723,5851.1216,-128.12158203125
458,361.9402,96.059814453125
1002,998.07153,3.928466796875
1084,1119.6772,-35.67724609375
792,1230.7051,-438.705078125
5882,5772.6455,109.3544921875
526,615.5073,-89.50732421875
2803,4354.159,-1551.1591796875
552,536.30347,15.696533203125
6387,5994.9434,392.056640625
6460,6925.1416,-465.1416015625
6766,5672.963,1093.037109375
1415,1458.0793,-43.079345703125
13152,13799.355,-647.35546875
612,472.7942,139.205810546875
593,562.1985,30.801513671875
4493,3850.3308,642.669189453125
9160,8477.199,682.80078125
10940,11033.335,-93.3349609375
418,434.0056,-16.005615234375
1899,1874.773,24.22705078125
2263,2372.7014,-109.701416015625
8158,8128.1074,29.892578125
2139,2343.8862,-204.88623046875
490,575.23413,-85.234130859375
3514,4013.2307,-499.230712890625
6435,6383.749,51.2509765625
739,1015.8911,-276.89111328125
4478,4790.6606,-312.66064453125
6221,6446.714,-225.7138671875
3033,2947.629,85.37109375
982,996.48755,-14.487548828125
2312,2228.4941,83.505859375
2242,2312.5837,-70.583740234375
698,572.9536,125.04638671875
1227,1589.7051,-362.705078125
4368,5008.8267,-640.82666015625
872,663.00977,208.990234375
2844,3174.7104,-330.71044921875
1216,1265.4854,-49.4853515625
16914,18292.967,-1378.966796875
542,638.28516,-96.28515625
7145,5244.101,1900.89892578125
792,769.89795,22.10205078125
2196,2336.014,-140.013916015625
13248,17711.79,-4463.7890625
4929,5006.7837,-77.78369140625
4924,4497.926,426.07421875
4155,4280.8276,-125.82763671875
853,814.98804,38.011962890625
6755,7159.2734,-404.2734375
4566,4038.7708,527.229248046875
10463,10355.945,107.0546875
1728,1776.898,-48.89794921875
2245,2766.0476,-521.047607421875
3275,3261.607,13.39306640625
684,674.42236,9.57763671875
8568,8704.29,-136.2900390625
827,954.58936,-127.58935546875
13833,13383.24,449.759765625
1815,1679.8254,135.174560546875
713,781.4346,-68.4345703125
2607,2869.5957,-262.595703125
1770,1908.5717,-138.5716552734375
2452,2481.2031,-29.203125
4289,4462.6226,-173.62255859375
896,852.2202,43.77978515625
890,1075.2932,-185.293212890625
9909,10197.972,-288.9716796875
686,734.2356,-48.235595703125
2761,2880.33,-119.330078125
640,657.07935,-17.079345703125
1913,1898.1974,14.8026123046875
12308,12127.526,180.4736328125
636,718.00977,-82.009765625
422,455.4397,-33.439697265625
906,789.6279,116.3720703125
7527,6849.6235,677.37646484375
571,595.8728,-24.872802734375
12373,13483.522,-1110.5224609375
5292,5317.07,-25.06982421875
1286,1199.178,86.822021484375
7983,7609.7227,373.27734375
5265,5211.8813,53.11865234375
8189,7289.0205,899.9794921875
12099,12656.568,-557.568359375
1150,1145.793,4.20703125
868,860.35913,7.640869140625
844,710.2737,133.726318359375
3087,3682.4497,-595.44970703125
8977,9504.5,-527.5
2549,2575.2007,-26.20068359375
769,623.04834,145.95166015625
4279,4107.7163,171.28369140625
5091,5233.4414,-142.44140625
863,901.26636,-38.266357421875
3119,2619.7432,499.2568359375
540,340.75122,199.248779296875
2391,2678.645,-287.64501953125
1197,1375.4285,-178.428466796875
1909,1816.3159,92.68408203125
1295,1254.0945,40.905517578125
940,1153.4163,-213.416259765625
8257,8506.718,-249.7177734375
7362,7607.7,-245.7001953125
709,429.813,279.18701171875
6776,6614.2617,161.73828125
7415,7685.5376,-270.53759765625
589,658.40576,-69.40576171875
4072,3485.4966,586.50341796875
1927,2149.9502,-222.9501953125
3563,3629.4097,-66.40966796875
13178,11175.681,2002.3193359375
1303,1533.2571,-230.257080078125
2479,3131.5571,-652.55712890625
3578,3935.332,-357.33203125
537,565.8721,-28.8720703125
658,692.43774,-34.437744140625
2553,2633.275,-80.27490234375
422,377.86548,44.134521484375
10312,11643.871,-1331.87109375
2394,2410.7876,-16.78759765625
499,490.01392,8.986083984375
871,699.719,171.281005859375
10886,10948.843,-62.8427734375
16783,15963.876,819.1240234375
2153,2056.5486,96.451416015625
3621,3579.9924,41.007568359375
571,565.5122,5.48779296875
2274,2702.1665,-428.16650390625
2767,2796.6504,-29.650390625
4874,5568.819,-694.81884765625
935,1052.1465,-117.146484375
4619,4955.7646,-336.7646484375
9193,9161.8125,31.1875
945,909.8413,35.15869140625
1130,985.72046,144.279541015625
5000,5134.18,-134.18017578125
686,726.4004,-40.400390625
1956,1926.9517,29.04833984375
7739,8164.3076,-425.3076171875
498,369.41772,128.582275390625
2973,3425.3809,-452.380859375
802,736.00684,65.9931640625
3893,3709.0142,183.98583984375
1368,1673.387,-305.386962890625
6965,6803.9614,161.03857421875
6534,6644.827,-110.8271484375
1710,1576.0969,133.903076171875
687,863.3611,-176.361083984375
724,850.5635,-126.5634765625
1436,1292.1941,143.805908203125
17016,17588.867,-572.8671875
1227,1227.491,-0.490966796875
1917,1741.8853,175.11474609375
2795,2947.1436,-152.1435546875
1197,1378.4299,-181.429931640625
645,694.417,-49.4169921875
1063,881.3518,181.648193359375
17752,15506.364,2245.6357421875
13671,15684.508,-2013.5078125
435,432.2854,2.714599609375
1546,1430.3223,115.677734375
2686,2842.6462,-156.646240234375
605,626.23047,-21.23046875
435,485.146,-50.14599609375
552,554.155,-2.155029296875
6327,5730.7163,596.28369140625
4702,4521.587,180.4130859375
686,793.6892,-107.689208984375
8658,8980.0625,-322.0625
4688,4438.534,249.4658203125
2918,3101.3032,-183.30322265625
756,652.66064,103.33935546875
10099,10348.481,-249.4814453125
4434,4481.783,-47.783203125
1842,1822.4797,19.520263671875
6720,6544.4434,175.556640625
2033,1844.2285,188.771484375
2037,2227.3833,-190.38330078125
394,424.84082,-30.8408203125
9032,9306.599,-274.5986328125
2797,3128.5273,-331.52734375
5921,5200.5654,720.4345703125
6931,7388.7783,-457.7783203125
2732,3059.526,-327.52587890625
4639,4407.3145,231.685546875
4836,4547.9507,288.04931640625
3927,4354.058,-427.05810546875
5994,5898.049,95.951171875
858,856.34033,1.65966796875
7426,7553.6147,-127.61474609375
5020,4736.624,283.3759765625
992,944.46216,47.537841796875
1857,2019.5177,-162.5177001953125
17123,18199.09,-1076.08984375
2513,2397.5017,115.498291015625
2756,3111.8035,-355.803466796875
5759,5587.707,171.29296875
1878,2082.466,-204.466064453125
11764,13619.912,-1855.912109375
641,533.03687,107.963134765625
3111,3493.5503,-382.55029296875
7320,8158.467,-838.466796875
9847,9477.391,369.609375
10739,10598.426,140.57421875
596,648.959,-52.958984375
12210,16007.084,-3797.083984375
784,701.376,82.6240234375
6328,7185.982,-857.98193359375
5741,5465.0605,275.939453125
858,816.71533,41.28466796875
10102,9620.907,481.0927734375
710,714.46655,-4.466552734375
554,377.50317,176.496826171875
5175,5487.8774,-312.87744140625
6377,6309.936,67.06396484375
660,715.26245,-55.262451171875
1061,952.60815,108.391845703125
765,658.3887,106.611328125
614,679.31006,-65.31005859375
1076,1022.9629,53.037109375
4007,4165.8726,-158.87255859375
4543,4775.1045,-232.1044921875
3248,3227.2764,20.7236328125
544,467.62817,76.371826171875
5771,5614.1196,156.88037109375
539,557.67017,-18.670166015625
5123,5510.005,-387.0048828125
4739,4300.3853,438.61474609375
904,877.23047,26.76953125
4749,4051.5442,697.455810546875
7198,7498.4507,-300.45068359375
753,793.80347,-40.803466796875
2615,2667.228,-52.22802734375
628,631.18677,-3.186767578125
904,947.27124,-43.271240234375
1710,1541.8171,168.182861328125
1033,858.853,174.14697265625
8258,8480.479,-222.478515625
3545,3680.0151,-135.01513671875
3164,2931.8906,232.109375
432,446.69092,-14.69091796875
6882,6659.034,222.9658203125
6618,6431.1855,186.814453125
3184,3041.525,142.47509765625
4959,5153.488,-194.48779296875
604,638.35254,-34.3525390625
1027,981.0227,45.977294921875
12617,10830.14,1786.8603515625
1368,1497.044,-129.0439453125
4562,4490.0483,71.95166015625
15318,15010.21,307.7900390625
6843,7137.479,-294.47900390625
987,1113.2383,-126.23828125
6925,7331.628,-406.6279296875
547,753.6194,-206.619384765625
2318,1746.2197,571.7802734375
969,921.2534,47.74658203125
1221,1233.7339,-12.73388671875
2691,2336.434,354.56591796875
3610,3398.044,211.9560546875
853,928.9541,-75.9541015625
1636,1783.4346,-147.4345703125
12105,12275.341,-170.3408203125
792,847.02026,-55.020263671875
12677,16682.395,-4005.39453125
4044,6570.665,-2526.6650390625
394,393.0642,0.935791015625
16914,16336.058,577.9423828125
1007,1167.6028,-160.602783203125
2161,2380.595,-219.594970703125
737,794.5547,-57.5546875
1438,1380.2756,57.724365234375
1367,1570.9304,-203.930419921875
4884,4684.672,199.328125
2369,2287.2322,81.767822265625
5750,5979.2256,-229.2255859375
2925,2977.912,-52.912109375
12319,11917.771,401.228515625
605,672.33325,-67.333251953125
4211,4108.21,102.7900390625
1211,1539.5176,-328.517578125
8107,7730.883,376.1171875
4662,4731.056,-69.05615234375
16392,15415.056,976.9443359375
3979,4031.4727,-52.47265625
13229,16074.545,-2845.544921875
1119,1166.0776,-47.07763671875
4727,4698.346,28.65380859375
18640,17933.607,706.392578125
2975,3301.2644,-326.264404296875
5292,4942.2285,349.771484375
698,503.6306,194.369384765625
2879,3370.7085,-491.70849609375
872,710.32544,161.674560546875
1576,1652.3774,-76.37744140625
7715,7533.68,181.31982421875
7589,7011.41,577.58984375
8174,8241.23,-67.23046875
868,905.46045,-37.46044921875
5410,5636.888,-226.88818359375
8807,9486.321,-679.3212890625
2553,2845.9565,-292.95654296875
15185,14643.608,541.3916015625
3787,3490.4634,296.53662109375
1227,1170.4683,56.53173828125
10071,9890.6,180.400390625
504,558.6311,-54.631103515625
3026,2522.018,503.98193359375
4197,4082.0522,114.94775390625
1408,1747.0786,-339.07861328125
710,975.53955,-265.53955078125
5341,4967.9683,373.03173828125
6636,6620.9414,15.05859375
577,530.40356,46.596435546875
13250,13696.252,-446.251953125
544,654.022,-110.02197265625
5400,4472.569,927.43115234375
11678,12047.596,-369.595703125
2399,2480.916,-81.916015625
1076,1131.7698,-55.769775390625
2010,2264.6123,-254.6123046875
1656,1678.0706,-22.070556640625
9561,10060.664,-499.6640625
3080,2768.4436,311.556396484375
775,606.85913,168.140869140625
1235,1447.532,-212.531982421875
2106,2014.0156,91.984375
4790,4734.1816,55.818359375
730,716.48193,13.51806640625
505,471.71313,33.286865234375
17449,16001.169,1447.8310546875
1052,1107.3667,-55.36669921875
687,823.4221,-136.422119140625
5641,6562.7974,-921.79736328125
3808,4173.883,-365.8828125
1877,1864.9548,12.045166015625
5916,5574.406,341.59423828125
3468,2858.351,609.64892578125
1562,1465.8728,96.127197265625
1879,1854.5715,24.428466796875
10993,11250.636,-257.6357421875
3595,3672.7415,-77.741455078125
2751,2540.1091,210.890869140625
1235,1352.3523,-117.352294921875
2453,2417.0479,35.9521484375
7662,9152.875,-1490.875
2352,2773.9353,-421.935302734375
4124,4295.894,-171.89404296875
2113,2319.3774,-206.37744140625
756,678.063,77.93701171875
4086,4910.6055,-824.60546875
4299,4265.0596,33.9404296875
1383,1230.5679,152.43212890625
4969,5853.7314,-884.7314453125
601,631.43726,-30.437255859375
4925,5153.957,-228.95703125
9700,10009.76,-309.759765625
6501,6661.1504,-160.150390625
540,521.4946,18.50537109375
6090,4939.1987,1150.80126953125
552,643.80444,-91.804443359375
895,911.5969,-16.596923828125
2337,3055.483,-718.48291015625
12823,12790.597,32.4033203125
3599,3603.2644,-4.264404296875
7702,7654.313,47.68701171875
1007,1122.1008,-115.100830078125
2805,2931.9678,-126.9677734375
4872,4737.0566,134.943359375
2857,3588.6484,-731.6484375
7335,7647.965,-312.96484375
957,1107.7998,-150.7998046875
1851,2029.8143,-178.8143310546875
5815,5765.875,49.125
2839,2906.989,-67.989013671875
2396,2824.4023,-428.40234375
1781,1603.8501,177.14990234375
8133,8319.585,-186.5849609375
1107,1033.6309,73.369140625
596,571.7854,24.214599609375
1743,1641.2795,101.720458984375
2461,3289.1858,-828.185791015625
17095,16204.838,890.162109375
1141,1145.9597,-4.959716796875
1415,1490.896,-75.89599609375
4659,5133.323,-474.3232421875
1723,1855.2957,-132.295654296875
13872,15162.939,-1290.939453125
3465,4001.0571,-536.05712890625
923,845.2383,77.76171875
672,563.47144,108.528564453125
6232,6016.2256,215.7744140625
1436,1382.2346,53.765380859375
5700,5398.453,301.546875
477,559.9109,-82.910888671875
8820,8695.833,124.1669921875
743,659.553,83.447021484375
3205,4011.8699,-806.869873046875
408,456.9995,-48.99951171875
860,701.2949,158.705078125
13903,12974.785,928.21484375
5671,5136.422,534.578125
3593,3534.6194,58.380615234375
2724,2272.2021,451.7978515625
3033,3234.787,-201.787109375
1064,1017.9475,46.052490234375
548,738.2241,-190.22412109375
1356,1263.5854,92.41455078125
13132,13477.048,-345.0478515625
11284,10521.452,762.5478515625
752,782.39526,-30.395263671875
798,806.1089,-8.10888671875
816,847.7998,-31.7998046875
5055,5599.071,-544.07080078125
633,743.6509,-110.65087890625
10577,13551.622,-2974.6220703125
1309,1342.4839,-33.48388671875
7357,6980.003,376.9970703125
17534,17171.008,362.9921875
969,963.24243,5.757568359375
844,701.1367,142.86328125
13823,13475.783,347.216796875
1884,1978.4302,-94.43017578125
491,537.92456,-46.924560546875
12809,12296.14,512.8603515625
12559,12422.594,136.40625
1656,1604.9312,51.06884765625
2940,3275.2236,-335.2236328125
743,706.272,36.72802734375
9513,9707.85,-194.849609375
6096,6308.6797,-212.6796875
1833,1787.5762,45.423828125
8850,8534.674,315.326171875
1114,1063.8809,50.119140625
654,749.2793,-95.279296875
6344,5716.1465,627.853515625
1240,1692.929,-452.928955078125
1415,1357.301,57.698974609375
800,910.5571,-110.55712890625
10929,11321.213,-392.212890625
720,534.08984,185.91015625
868,1105.4167,-237.416748046875
17175,17284.576,-109.576171875
1268,1348.4666,-80.466552734375
720,544.98975,175.01025390625
13702,13869.942,-167.9423828125
5606,6093.834,-487.833984375
3739,3914.6633,-175.663330078125
1105,993.8992,111.100830078125
8244,7386.1787,857.8212890625
1446,1444.2073,1.792724609375
449,500.21948,-51.219482421875
505,718.4402,-213.440185546875
5864,6179.8623,-315.8623046875
1656,1488.4453,167.5546875
698,583.7395,114.260498046875
10874,12005.474,-1131.4736328125
918,964.39624,-46.396240234375
8190,7823.681,366.31884765625
1060,794.2219,265.778076171875
975,1717.7554,-742.75537109375
6263,6103.76,159.240234375
473,524.01904,-51.01904296875
3924,3838.5583,85.441650390625
1389,1270.3264,118.673583984375
5008,6154.223,-1146.22314453125
1046,885.5759,160.424072265625
1596,1837.9038,-241.90380859375
1003,1224.4807,-221.480712890625
4435,5033.8984,-598.8984375
13187,17417.348,-4230.34765625
2168,2299.4119,-131.411865234375
1243,1207.0347,35.96533203125
3568,3081.1025,486.8974609375
2136,1943.0656,192.9344482421875
4054,4198.223,-144.22314453125
11596,12114.444,-518.4443359375
1199,1333.2991,-134.299072265625
544,503.75732,40.24267578125
6513,6513.754,-0.75390625
991,1082.6653,-91.665283203125
515,475.25415,39.745849609375
4273,3943.5874,329.41259765625
900,699.7959,200.2041015625
5758,5786.7573,-28.75732421875
1160,1353.74,-193.739990234375
763,868.594,-105.593994140625
4922,4326.164,595.8359375
2858,2520.251,337.7490234375
4391,4017.2651,373.73486328125
4193,4241.686,-48.68603515625
942,811.74,130.260009765625
1963,1974.0006,-11.0006103515625
710,643.62964,66.370361328125
1027,990.70654,36.29345703125
4995,4749.528,245.47216796875
10607,8994.97,1612.0302734375
3247,3293.1475,-46.1474609375
3234,3440.2332,-206.233154296875
2381,2557.8916,-176.8916015625
1151,1311.875,-160.875
884,999.5254,-115.525390625
945,993.2356,-48.235595703125
2057,2251.395,-194.39501953125
2058,2182.403,-124.403076171875
3564,4301.0884,-737.08837890625
666,724.093,-58.093017578125
4922,3947.1448,974.855224609375
2480,2786.2095,-306.20947265625
589,538.63965,50.3603515625
2034,2000.6012,33.3988037109375
707,800.8115,-93.8115234375
8678,8654.089,23.9111328125
2843,3400.029,-557.029052734375
648,694.0779,-46.077880859375
1760,1792.9761,-32.97607421875
6709,6126.5205,582.4794921875
1249,1356.6345,-107.634521484375
1243,1345.5728,-102.57275390625
5530,5121.352,408.64794921875
3034,3053.7068,-19.706787109375
2448,2306.858,141.14208984375
2823,2823.3438,-0.34375
4497,4231.708,265.2919921875
11234,12794.612,-1560.6123046875
621,666.7532,-45.753173828125
2368,2539.504,-171.50390625
765,624.4319,140.568115234375
5083,4700.998,382.001953125
2897,2948.0076,-51.007568359375
8418,8052.255,365.7451171875
1668,1612.3911,55.60888671875
1361,1527.2139,-166.2138671875
579,754.6904,-175.6904296875
18686,18969.621,-283.62109375
1238,1447.0769,-209.076904296875
1649,1449.5608,199.439208984375
1649,1864.1514,-215.1513671875
6261,7108.216,-847.2158203125
544,641.0581,-97.05810546875
3557,3907.9607,-350.960693359375
1910,2415.8418,-505.841796875
4662,5188.175,-526.1748046875
8977,7552.6895,1424.310546875
3584,3827.6177,-243.61767578125
3993,3983.841,9.158935546875
3880,4162.716,-282.7158203125
2459,3161.9065,-702.906494140625
485,531.69116,-46.691162109375
4779,5273.1406,-494.140625
8748,9496.692,-748.6923828125
463,485.18555,-22.185546875
505,524.70044,-19.700439453125
988,1105.6064,-117.6064453125
2201,3327.5046,-1126.504638671875
4719,7302.792,-2583.7919921875
2195,2336.103,-141.10302734375
977,903.13257,73.867431640625
10197,10022.17,174.830078125
2372,2289.558,82.44189453125
2768,2759.8535,8.146484375
2812,3632.7312,-820.731201171875
2511,2635.255,-124.2548828125
9659,13652.577,-3993.5771484375
8051,8159.5137,-108.513671875
2016,2065.638,-49.637939453125
5199,5791.194,-592.19384765625
695,702.4678,-7.4677734375
8018,8681.339,-663.3388671875
5226,5263.1885,-37.1884765625
3767,3584.5847,182.415283203125
3401,3196.3682,204.6318359375
17895,18343.1,-448.099609375
946,1140.0234,-194.0234375
905,1197.4976,-292.49755859375
499,491.65112,7.348876953125
1143,1287.0688,-144.06884765625
2585,2705.1816,-120.181640625
1002,811.82715,190.1728515625
2084,1866.825,217.175048828125
11511,10153.291,1357.708984375
969,850.11255,118.887451171875
561,665.115,-104.114990234375
2777,2709.317,67.68310546875
1052,1107.3667,-55.36669921875
2976,3002.9192,-26.919189453125
3499,3307.7026,191.29736328125
3892,4213.978,-321.97802734375
7412,7684.775,-272.77490234375
10181,13653.215,-3472.21484375
5285,5026.359,258.64111328125
1358,1337.2051,20.794921875
8752,8882.037,-130.037109375
779,713.5713,65.4287109375
1873,1915.9327,-42.9327392578125
14277,15812.338,-1535.337890625
948,958.6821,-10.68212890625
2481,2843.2012,-362.201171875
4537,4862.481,-325.48095703125
670,730.42065,-60.420654296875
1577,1964.8224,-387.8223876953125
1156,1628.4524,-472.452392578125
988,945.98267,42.017333984375
552,699.6199,-147.619873046875
4755,4936.79,-181.7900390625
11068,10279.131,788.869140625
1319,1517.3796,-198.379638671875
1781,1721.468,59.531982421875
10165,10320.228,-155.2275390625
3919,3796.0771,122.9228515625
4316,4135.4023,180.59765625
1624,1513.7319,110.26806640625
594,590.58057,3.41943359375
13333,14115.93,-782.9296875
4429,4754.424,-325.423828125
3945,4566.1357,-621.1357421875
1046,962.0364,83.963623046875
3634,3852.13,-218.1298828125
4269,4131.535,137.46484375
689,692.85034,-3.850341796875
10222,10253.918,-31.91796875
6562,6528.328,33.671875
737,917.166,-180.166015625
4675,5452.0054,-777.00537109375
1265,1103.2202,161.77978515625
2117,2146.01,-29.010009765625
955,949.71216,5.287841796875
961,1082.9478,-121.94775390625
2346,2537.688,-191.68798828125
752,719.2505,32.74951171875
734,756.70337,-22.703369140625
8550,7623.8438,926.15625
810,760.0574,49.942626953125
2500,2769.6182,-269.6181640625
612,613.6355,-1.635498046875
1963,2032.6732,-69.6732177734375
936,782.6448,153.355224609375
1778,1723.2258,54.774169921875
3663,3848.6711,-185.671142578125
4973,4838.5,134.5
2788,3991.876,-1203.8759765625
3879,3493.6118,385.38818359375
992,936.6057,55.394287109375
3357,4158.1533,-801.1533203125
3980,3658.9094,321.090576171875
4620,4368.5444,251.45556640625
488,531.81274,-43.812744140625
1207,1389.2944,-182.29443359375
2409,2040.9224,368.07763671875
5294,5329.254,-35.25390625
12407,12120.149,286.8505859375
5315,5015.2847,299.71533203125
8831,9852.486,-1021.486328125
4374,4623.4453,-249.4453125
4102,4321.453,-219.453125
3411,3653.4497,-242.44970703125
5595,5677.1997,-82.19970703125
3234,3082.7234,151.276611328125
6271,5390.9336,880.06640625
990,874.92456,115.075439453125
14341,16224.612,-1883.6123046875
1105,1119.6094,-14.609375
1050,998.2058,51.794189453125
1668,1835.3198,-167.31982421875
9682,7582.533,2099.466796875
14359,13951.944,407.0556640625
639,701.3804,-62.38037109375
5880,5866.414,13.5859375
10149,10201.723,-52.72265625
3365,4244.2783,-879.2783203125
689,684.1819,4.818115234375
1097,1086.7407,10.25927734375
2741,2281.1245,459.87548828125
14775,16766.178,-1991.177734375
539,537.1531,1.846923828125
1270,1308.4968,-38.496826171875
11560,11292.527,267.47265625
3804,3333.0923,470.90771484375
798,723.25073,74.749267578125
756,651.1089,104.89111328125
4398,4425.1934,-27.193359375
1304,1273.3923,30.607666015625
6291,5954.3306,336.66943359375
10333,10042.22,290.7802734375
780,783.62964,-3.629638671875
3605,3304.23,300.77001953125
11036,11348.914,-312.9140625
16383,16550.488,-167.48828125
4628,4921.2817,-293.28173828125
3578,3708.925,-130.925048828125
1122,1187.7034,-65.703369140625
2104,2427.619,-323.618896484375
402,263.88208,138.117919921875
1559,1506.6897,52.310302734375
810,943.5354,-133.535400390625
684,636.94995,47.050048828125
915,1433.0591,-518.05908203125
4413,4803.5635,-390.5634765625
4538,4482.598,55.40185546875
1987,2146.4858,-159.48583984375
3627,3199.4043,427.595703125
1861,1931.4591,-70.4591064453125
5280,5127.704,152.2958984375
3996,4138.7817,-142.78173828125
758,798.1011,-40.10107421875
936,758.36475,177.63525390625
1613,1713.7571,-100.757080078125
1312,1164.656,147.343994140625
3249,3284.38,-35.3798828125
4563,4660.3823,-97.38232421875
4274,5080.6626,-806.66259765625
706,650.44995,55.550048828125
1151,1212.7817,-61.78173828125
5849,5655.185,193.81494140625
1243,1271.315,-28.31494140625
13400,12632.672,767.328125
795,888.5823,-93.582275390625
2857,3427.729,-570.72900390625
489,503.54785,-14.5478515625
3283,3295.7705,-12.7705078125
663,659.25586,3.744140625
684,668.1438,15.856201171875
1024,924.5525,99.447509765625
2230,2483.4768,-253.476806640625
2770,2941.919,-171.9189453125
7303,8847.367,-1544.3671875
2138,1772.4172,365.582763671875
5010,4872.3867,137.61328125
8930,8113.8926,816.107421875
6682,6578.263,103.73681640625
6335,6414.237,-79.23681640625
3058,3318.6433,-260.643310546875
2494,2534.85,-40.85009765625
6586,6901.5635,-315.5634765625
2123,2522.155,-399.155029296875
9235,10710.243,-1475.2431640625
12829,17080.838,-4251.837890625
3854,3767.881,86.118896484375
521,597.3281,-76.328125
2069,1956.8263,112.1737060546875
1777,1596.6292,180.370849609375
612,594.86865,17.13134765625
811,969.1953,-158.1953125
781,816.72095,-35.720947265625
4832,4829.672,2.328125
776,549.7024,226.297607421875
5457,5676.8496,-219.849609375
453,474.28125,-21.28125
698,517.25586,180.744140625
756,484.36157,271.638427734375
904,907.6614,-3.661376953125
2559,2782.1885,-223.1884765625
734,739.3635,-5.363525390625
2080,2158.8364,-78.83642578125
733,817.7268,-84.726806640625
2539,2461.5803,77.419677734375
1628,1679.4707,-51.470703125
2801,2676.7717,124.228271484375
754,816.5886,-62.588623046875
5882,7233.699,-1351.69921875
3801,3656.5125,144.487548828125
4064,4866.636,-802.63623046875
736,848.5405,-112.54052734375
6279,4970.547,1308.453125
3348,3298.1926,49.807373046875
2081,2321.815,-240.81494140625
4742,4914.244,-172.244140625
9502,8551.895,950.10546875
3821,5013.574,-1192.57421875
6272,6690.7676,-418.767578125
2789,2478.6206,310.37939453125
5690,5837.45,-147.4501953125
2964,3269.8127,-305.812744140625
854,913.8613,-59.861328125
2029,1954.932,74.0679931640625
625,619.1084,5.8916015625
523,434.02856,88.971435546875
2459,2731.8306,-272.83056640625
4974,4566.448,407.5517578125
2260,1822.7136,437.286376953125
12931,11896.124,1034.8759765625
715,769.2788,-54.27880859375
14615,14891.843,-276.8427734375
6115,5998.0186,116.9814453125
2821,2709.1992,111.80078125
6872,6279.4033,592.5966796875
904,960.0237,-56.023681640625
4179,4082.1338,96.8662109375
2657,2252.066,404.93408203125
645,705.1399,-60.139892578125
825,740.14453,84.85546875
3276,3879.416,-603.416015625
1950,1834.0156,115.984375
8912,9039.054,-127.0537109375
10869,11307.857,-438.857421875
515,599.3528,-84.352783203125
7294,7493.072,-199.07177734375
1200,1185.8552,14.144775390625
18542,18311.326,230.673828125
666,686.5498,-20.5498046875
3950,3876.42,73.580078125
3622,3651.5024,-29.50244140625
645,675.75415,-30.754150390625
16048,13733.867,2314.1328125
2863,2957.8735,-94.87353515625
4472,5260.651,-788.65087890625
5864,5727.349,136.65087890625
1762,2115.16,-353.159912109375
1733,1595.3833,137.61669921875
8652,8065.0293,586.970703125
850,983.02856,-133.028564453125
2608,3000.0684,-392.068359375
1244,1183.7163,60.28369140625
3064,2955.0942,108.90576171875
3878,3902.7485,-24.74853515625
16789,17265.904,-476.904296875
2227,2100.3464,126.653564453125
675,546.8491,128.15087890625
8818,9331.61,-513.6103515625
914,985.187,-71.18701171875
1893,1966.9973,-73.997314453125
472,498.7942,-26.794189453125
2364,2558.9155,-194.91552734375
1687,1504.3577,182.642333984375
1925,1787.6069,137.39306640625
4513,4357.2812,155.71875
4641,5292.0747,-651.07470703125
7459,8689.85,-1230.849609375
3725,3525.369,199.631103515625
739,694.43286,44.567138671875
1892,1788.0249,103.97509765625
4258,4415.6826,-157.6826171875
1680,1474.4729,205.527099609375
5786,6678.3623,-892.3623046875
3370,3461.4905,-91.490478515625
15494,16322.214,-828.2138671875
6390,7943.6104,-1553.6103515625
11760,12353.473,-593.47265625
9952,10982.225,-1030.224609375
719,835.10156,-116.1015625
561,541.7268,19.273193359375
749,797.04736,-48.04736328125
4058,5010.6465,-952.646484375
13880,13224.102,655.8984375
994,1195.2844,-201.284423828125
3580,3633.2139,-53.2138671875
798,1040.531,-242.531005859375
10293,10237.948,55.0517578125
3781,4240.803,-459.80322265625
7131,6480.246,650.75390625
5998,5268.8535,729.146484375
605,689.8325,-84.83251953125
4652,5139.692,-487.69189453125
746,879.5073,-133.50732421875
1370,1390.4873,-20.4873046875
5470,5223.835,246.1650390625
3842,4313.4736,-471.4736328125
7589,8430.205,-841.205078125
1814,2134.5938,-320.59375
625,704.6216,-79.62158203125
7758,7288.9463,469.0537109375
2425,2483.0537,-58.0537109375
956,925.0808,30.919189453125
4693,5288.394,-595.39404296875
15321,14490.982,830.017578125
3742,4284.3633,-542.36328125
5201,5410.551,-209.55078125
16364,15891.297,472.703125
1294,1343.4136,-49.41357421875
925,1276.0603,-351.060302734375
1031,1240.8442,-209.84423828125
9677,7060.615,2616.384765625
880,991.448,-111.447998046875
854,769.4922,84.5078125
2813,3462.136,-649.135986328125
2815,2398.5298,416.47021484375
4160,5110.495,-950.4951171875
8920,9263.16,-343.16015625
1906,1879.3055,26.6944580078125
1882,2016.9637,-134.9637451171875
5325,5311.9824,13.017578125
1363,1229.5894,133.41064453125
477,542.8574,-65.857421875
3720,4005.4001,-285.400146484375
3265,4139.2197,-874.2197265625
5516,4755.6685,760.33154296875
17156,14649.706,2506.2939453125
5055,5538.8633,-483.86328125
2161,2320.9824,-159.982421875
954,1041.7109,-87.7109375
1883,2030.3523,-147.352294921875
2076,2190.4016,-114.401611328125
4044,3833.6804,210.319580078125
3146,3248.5342,-102.5341796875
3066,3086.036,-20.035888671875
17400,19756.916,-2356.916015625
802,632.9326,169.0673828125
4336,4489.6045,-153.6044921875
1178,1466.9158,-288.915771484375
8693,8950.229,-257.228515625
2217,2416.7964,-199.79638671875
13991,13443.026,547.9736328125
4200,4490.6885,-290.6884765625
463,430.88037,32.11962890625
471,613.2207,-142.220703125
4587,4366.5493,220.45068359375
1192,1148.9077,43.09228515625
4380,3701.5967,678.4033203125
5743,4911.7646,831.2353515625
1723,1707.4895,15.510498046875
720,549.6658,170.334228515625
1882,1719.978,162.02197265625
746,795.4448,-49.44482421875
1999,1302.4133,696.586669921875
7544,6344.659,1199.3408203125
529,622.3845,-93.384521484375
1869,2038.3551,-169.3551025390625
829,895.97314,-66.97314453125
1577,1535.21,41.7900390625
5318,5595.3647,-277.36474609375
5107,4970.723,136.27685546875
14673,13346.61,1326.3896484375
3351,3749.067,-398.06689453125
1931,1907.6058,23.3941650390625
17323,15352.707,1970.29296875
15035,18287.094,-3252.09375
771,886.98267,-115.982666015625
1446,1340.7754,105.224609375
1824,1973.7566,-149.756591796875
1558,1788.1489,-230.14892578125
422,373.6985,48.301513671875
1743,1802.2324,-59.232421875
2872,3058.2322,-186.232177734375
3992,3635.0005,356.99951171875
2384,2689.5344,-305.534423828125
4689,5114.022,-425.02197265625
5947,5974.309,-27.30908203125
765,695.19507,69.804931640625
1308,1719.1636,-411.16357421875
3070,3164.5986,-94.5986328125
8770,8265.824,504.17578125
2281,1909.1287,371.871337890625
571,566.89014,4.10986328125
13734,13413.02,320.98046875
3889,4184.8213,-295.8212890625
7168,6176.3916,991.6083984375
969,989.27856,-20.278564453125
16410,17664.607,-1254.607421875
781,812.39307,-31.39306640625
3713,3879.9204,-166.92041015625
2422,2641.9355,-219.935546875
11417,10637.639,779.361328125
838,857.2195,-19.219482421875
6560,6828.5967,-268.5966796875
10284,11256.436,-972.435546875
4241,4447.489,-206.48876953125
907,689.8096,217.1904296875
1147,1410.4187,-263.418701171875
17191,16400.182,790.818359375
1155,1314.4846,-159.484619140625
924,960.6797,-36.6796875
2056,1978.196,77.803955078125
526,623.91675,-97.916748046875
862,919.854,-57.85400390625
1188,1490.7292,-302.729248046875
16239,17307.076,-1068.076171875
2249,2422.1685,-173.16845703125
2382,2661.1118,-279.11181640625
749,662.2776,86.722412109375
3620,3595.6785,24.321533203125
1385,1355.4536,29.54638671875
2565,3066.1436,-501.1435546875
7970,8061.708,-91.7080078125
2907,3073.2224,-166.222412109375
12828,13723.446,-895.4462890625
5335,5413.7974,-78.79736328125
7137,8025.5576,-888.5576171875
1956,1832.894,123.10595703125
789,902.4573,-113.457275390625
737,817.9541,-80.9541015625
3073,3178.305,-105.304931640625
4243,4434.356,-191.35595703125
673,600.4263,72.57373046875
1124,1216.9619,-92.9619140625
1883,1861.7888,21.211181640625
1656,1530.2981,125.701904296875
2862,4305.6016,-1443.6015625
6041,5480.7505,560.24951171875
3114,3693.1948,-579.19482421875
1212,1193.1382,18.86181640625
3392,3384.2515,7.74853515625
2381,2766.9,-385.89990234375
3496,3578.643,-82.64306640625
2479,2517.9224,-38.92236328125
1295,1431.4119,-136.411865234375
7881,9248.575,-1367.5751953125
5080,4930.169,149.8310546875
1170,1061.5962,108.40380859375
10736,11000.426,-264.42578125
1368,1382.9468,-14.94677734375
855,812.9856,42.014404296875
9323,8837.883,485.1171875
5609,5385.563,223.43701171875
1125,1150.0598,-25.059814453125
849,1072.1985,-223.198486328125
2208,2134.3765,73.62353515625
1308,1311.8889,-3.888916015625
4549,5035.502,-486.501953125
1855,2018.3844,-163.3843994140625
823,1046.0142,-223.01416015625
453,512.9888,-59.98876953125
7978,10186.946,-2208.9462890625
930,829.676,100.323974609375
3516,3706.37,-190.3701171875
619,679.63477,-60.634765625
686,868.6814,-182.681396484375
4810,4707.6025,102.3974609375
574,508.1162,65.8837890625
605,630.8357,-25.835693359375
10362,10747.28,-385.2802734375
880,944.1189,-64.118896484375
15134,17142.193,-2008.193359375
3898,3942.0298,-44.02978515625
4900,5067.6787,-167.6787109375
3745,4117.362,-372.36181640625
642,708.2451,-66.2451171875
972,803.98413,168.015869140625
873,1015.44116,-142.441162109375
942,767.6118,174.38818359375
1956,1846.2666,109.7333984375
5390,5612.0283,-222.0283203125
2251,2032.2079,218.7921142578125
431,501.06323,-70.063232421875
1577,1415.471,161.529052734375
5236,5804.004,-568.00390625
2875,3299.5298,-424.52978515625
1965,2347.0542,-382.05419921875
1232,1145.3733,86.626708984375
3833,4152.0317,-319.03173828125
776,706.0193,69.980712890625
1401,1627.7957,-226.795654296875
9507,9125.084,381.916015625
2893,3279.1047,-386.104736328125
2596,2502.2844,93.715576171875
5491,5907.4683,-416.46826171875
961,1216.7517,-255.751708984375
1047,809.8638,237.13623046875
2346,2052.6494,293.3505859375
16339,18240.137,-1901.13671875
625,678.16626,-53.166259765625
694,831.7346,-137.734619140625
999,1071.4106,-72.41064453125
6906,5809.6553,1096.3447265625
561,612.084,-51.083984375
5713,5720.361,-7.36083984375
6261,6859.2725,-598.2724609375
11737,11856.685,-119.6845703125
10628,10454.628,173.3720703125
816,814.3462,1.65380859375
5303,5260.563,42.43701171875
15579,15578.747,0.2529296875
743,1116.7966,-373.796630859375
5315,5260.345,54.65478515625
7391,7363.1387,27.861328125
912,966.1836,-54.18359375
788,742.91016,45.08984375
2901,3055.927,-154.927001953125
917,1098.905,-181.905029296875
3704,3543.9294,160.070556640625
5569,5565.742,3.2578125
698,572.9365,125.0634765625
3309,3856.0159,-547.015869140625
1202,1294.8865,-92.886474609375
2671,2910.5325,-239.532470703125
4865,3978.6724,886.32763671875
576,704.1726,-128.172607421875
789,800.928,-11.927978515625
10181,5548.4595,4632.54052734375
10711,14123.0625,-3412.0625
820,829.4617,-9.461669921875
1098,1189.9197,-91.919677734375
13052,13624.464,-572.4638671875
4275,4684.673,-409.6728515625
681,863.32666,-182.32666015625
571,625.60767,-54.607666015625
1200,1146.5413,53.458740234375
9218,9747.712,-529.7119140625
782,817.4502,-35.4501953125
4654,4468.9443,185.0556640625
505,482.32227,22.677734375
11781,11492.919,288.0810546875
1088,1130.3745,-42.37451171875
3696,4174.4546,-478.45458984375
802,708.55493,93.445068359375
573,625.05835,-52.058349609375
9476,10996.74,-1520.740234375
1050,1124.6902,-74.690185546875
4136,4377.141,-241.14111328125
13199,13943.106,-744.1064453125
4406,4011.648,394.35205078125
863,901.61816,-38.6181640625
9610,11588.877,-1978.876953125
2409,2416.459,-7.458984375
3632,3832.5432,-200.543212890625
6511,6901.104,-390.10400390625
4642,3909.0967,732.9033203125
2329,3096.526,-767.52587890625
9801,14912.981,-5111.9814453125
1656,1667.7485,-11.74853515625
18552,18194.824,357.17578125
1338,1362.3323,-24.332275390625
4914,7533.518,-2619.51806640625
7385,7844.877,-459.876953125
4446,4359.5317,86.46826171875
16632,15826.842,805.158203125
4642,4442.603,199.39697265625
801,791.1284,9.87158203125
833,713.34766,119.65234375
15824,14668.755,1155.2451171875
1092,1465.8225,-373.822509765625
1452,1350.9148,101.085205078125
4732,4983.769,-251.76904296875
9214,8940.713,273.287109375
1264,1313.3965,-49.396484375
984,850.8804,133.11962890625
3300,3487.2634,-187.263427734375
4372,4926.922,-554.921875
4639,5300.669,-661.6689453125
4264,4791.668,-527.66796875
12587,13062.842,-475.841796875
1715,2065.7473,-350.747314453125
6232,7440.8057,-1208.8056640625
1214,1184.2319,29.76806640625
1397,1499.3662,-102.3662109375
1002,860.5742,141.42578125
3137,3147.781,-10.781005859375
918,947.74414,-29.744140625
1929,2012.8445,-83.844482421875
9138,8890.1455,247.8544921875
8110,8348.277,-238.27734375
625,633.98804,-8.988037109375
720,627.6692,92.330810546875
3169,3316.0017,-147.001708984375
2155,2329.1523,-174.15234375
1641,1722.5774,-81.577392578125
5008,5000.2246,7.775390625
936,850.29785,85.7021484375
4927,3960.3367,966.663330078125
2633,2333.1445,299.85546875
658,714.6006,-56.6005859375
554,389.52563,164.474365234375
1237,1114.1035,122.896484375
1714,1615.8828,98.1171875
921,1031.1011,-110.10107421875
635,815.2991,-180.299072265625
756,739.2964,16.70361328125
1546,1416.4407,129.559326171875
910,1018.43115,-108.43115234375
8194,8212.468,-18.4677734375
532,644.1045,-112.1044921875
1419,1604.6501,-185.650146484375
9761,9522.945,238.0546875
2840,2905.0278,-65.02783203125
1752,1650.1885,101.8115234375
7968,10126.067,-2158.0673828125
627,609.22925,17.770751953125
706,845.1438,-139.143798828125
5387,5547.8477,-160.84765625
421,362.39893,58.60107421875
448,440.77563,7.224365234375
16319,15770.365,548.634765625
903,1018.44824,-115.4482421875
803,707.1443,95.855712890625
802,711.4768,90.523193359375
4332,4284.1943,47.8056640625
1548,1353.9001,194.099853515625
1183,1291.0818,-108.081787109375
1634,1748.8201,-114.820068359375
3635,4069.7612,-434.76123046875
802,679.8828,122.1171875
13965,13618.641,346.359375
5898,6287.3896,-389.3896484375
752,796.1538,-44.15380859375
1061,1094.8962,-33.896240234375
5134,5004.2466,129.75341796875
1691,1659.644,31.35595703125
3653,3831.7373,-178.7373046875
10787,11260.825,-473.8251953125
849,912.6216,-63.62158203125
803,723.001,79.9990234375
2066,3647.3955,-1581.3955078125
956,861.916,94.083984375
844,619.98193,224.01806640625
4416,4235.2915,180.70849609375
3465,4597.1543,-1132.154296875
5423,5782.2627,-359.2626953125
1735,1836.3809,-101.380859375
447,477.9829,-30.98291015625
4936,5299.982,-363.98193359375
15760,15472.243,287.7568359375
5390,5656.177,-266.1767578125
3004,3454.1423,-450.142333984375
3601,4385.345,-784.34521484375
2729,2958.3018,-229.3017578125
18818,16991.64,1826.359375
12698,13803.891,-1105.890625
2793,2959.7808,-166.78076171875
3886,4154.8335,-268.83349609375
15241,16282.911,-1041.9111328125
5702,5692.4976,9.50244140625
2222,2419.3562,-197.356201171875
1202,1558.3679,-356.367919921875
3763,5007.049,-1244.048828125
7428,7043.1123,384.8876953125
7068,7050.1353,17.86474609375
1736,1489.8433,246.15673828125
3135,4114.998,-979.998046875
633,810.8347,-177.834716796875
2240,2305.9402,-65.940185546875
16689,16320.568,368.431640625
3965,4398.663,-433.6630859375
5789,5112.173,676.8271484375
2604,2726.2761,-122.276123046875
3422,3854.8003,-432.80029296875
1340,1390.2119,-50.2119140625
1061,951.2815,109.718505859375
2858,3068.72,-210.719970703125
689,681.0498,7.9501953125
513,541.57153,-28.571533203125
1577,1487.8127,89.187255859375
593,578.95605,14.0439453125
3739,5072.246,-1333.24609375
4561,4442.838,118.162109375
1834,2085.48,-251.47998046875
955,863.64624,91.353759765625
828,695.15283,132.84716796875
1715,1753.2048,-38.204833984375
1244,1116.844,127.156005859375
8394,8067.9004,326.099609375
1893,1877.9695,15.030517578125
439,520.6655,-81.66552734375
698,675.3364,22.66357421875
7324,7243.1934,80.806640625
661,706.6343,-45.63427734375
756,689.636,66.364013671875
5082,5086.713,-4.712890625
9173,8743.766,429.234375
9541,9243.294,297.7060546875
2344,2275.3433,68.65673828125
723,654.2261,68.77392578125
5751,6352.993,-601.9931640625
2202,1936.6512,265.3487548828125
12317,12379.6,-62.599609375
423,504.6306,-81.630615234375
1696,1904.6725,-208.6724853515625
541,498.42944,42.570556640625
13198,13850.611,-652.611328125
984,1059.935,-75.93505859375
1723,1871.9932,-148.9931640625
2504,2731.6318,-227.6318359375
7440,6991.5293,448.470703125
9799,9822.856,-23.8564453125
8505,8767.815,-262.8154296875
394,465.01904,-71.01904296875
17365,17762.422,-397.421875
12829,16303.261,-3474.2607421875
802,675.18164,126.818359375
2135,2263.976,-128.97607421875
3436,3640.6025,-204.6025390625
1036,993.7356,42.264404296875
1059,1106.6143,-47.6142578125
2804,3042.3674,-238.367431640625
720,671.8806,48.119384765625
2952,2843.8027,108.197265625
687,800.62134,-113.621337890625
3563,3946.6765,-383.676513671875
5601,5790.4854,-189.4853515625
2473,2619.3496,-146.349609375
4578,4525.7554,52.24462890625
8736,8525.881,210.119140625
707,672.3445,34.655517578125
1949,1910.7786,38.221435546875
1814,2039.9514,-225.951416015625
663,649.5515,13.448486328125
5880,6142.2773,-262.27734375
3651,3957.8496,-306.849609375
4805,5087.632,-282.6318359375
1000,992.82446,7.175537109375
2364,2256.8818,107.1181640625
764,781.1362,-17.13623046875
1980,1867.7754,112.224609375
5570,5833.7266,-263.7265625
3417,3666.85,-249.85009765625
3620,4020.837,-400.8369140625
10817,10198.014,618.986328125
412,478.05615,-66.05615234375
2579,2093.0442,485.955810546875
1000,991.37036,8.629638671875
3795,4165.0425,-370.04248046875
2557,2941.813,-384.81298828125
3603,3574.27,28.72998046875
2400,2700.3662,-300.3662109375
1974,1886.4557,87.5443115234375
4332,4278.592,53.408203125
3853,4368.161,-515.1611328125
4297,4366.265,-69.26513671875
668,644.25977,23.740234375
4218,4995.6445,-777.64453125
17888,18542.867,-654.8671875
795,635.71826,159.28173828125
8852,8964.054,-112.0537109375
655,726.27637,-71.2763671875
10415,10152.119,262.880859375
666,728.0613,-62.061279296875
1085,858.9595,226.04052734375
553,553.95703,-0.95703125
1246,1356.0278,-110.02783203125
4861,4963.001,-102.0009765625
6126,5774.3374,351.66259765625
17825,16526.957,1298.04296875
7557,7338.7466,218.25341796875
3324,3588.808,-264.80810546875
14174,14267.234,-93.234375
6856,7552.9883,-696.98828125
1044,1092.6096,-48.609619140625
3283,3480.1575,-197.157470703125
5650,5662.539,-12.5390625
679,725.48486,-46.48486328125
5325,5769.374,-444.3740234375
1558,1739.5911,-181.591064453125
1244,1036.1462,207.853759765625
626,672.08813,-46.088134765625
710,592.0984,117.901611328125
10562,10750.646,-188.646484375
1105,1221.4917,-116.49169921875
2831,3031.3538,-200.353759765625
613,725.0408,-112.040771484375
13465,11899.425,1565.5751953125
942,757.1128,184.88720703125
1337,1379.5955,-42.595458984375
10490,11249.878,-759.8779296875
802,690.63403,111.365966796875
11455,11414.582,40.41796875
4435,4772.1147,-337.11474609375
8693,9273.669,-580.6689453125
2210,2052.9387,157.061279296875
766,974.4619,-208.4619140625
3563,3747.8562,-184.856201171875
4620,4525.798,94.2021484375
3801,4200.278,-399.27783203125
8829,10718.713,-1889.712890625
12576,14082.121,-1506.12109375
1230,1241.7095,-11.70947265625
829,872.7134,-43.71337890625
2986,3315.8462,-329.84619140625
7229,7084.2373,144.7626953125
816,785.2842,30.7158203125
10824,10405.832,418.16796875
4044,4712.726,-668.72607421875
8285,7643.7617,641.23828125
12648,10780.318,1867.681640625
11843,13873.915,-2030.9150390625
1356,1448.3889,-92.388916015625
3129,3345.3955,-216.3955078125
11196,12036.966,-840.9658203125
450,365.4851,84.514892578125
3472,4093.659,-621.658935546875
1107,1187.1724,-80.17236328125
877,1132.3843,-255.38427734375
1662,1451.583,210.4169921875
1286,1163.9268,122.0732421875
5358,5585.8164,-227.81640625
2869,2988.658,-119.657958984375
514,403.61475,110.38525390625
655,823.28906,-168.2890625
5983,6416.3047,-433.3046875
657,805.94336,-148.943359375
2854,3053.734,-199.73388671875
10808,11075.524,-267.5244140625
9946,9942.547,3.453125
6207,5026.223,1180.77685546875
15697,15588.677,108.3232421875
963,1056.6084,-93.6083984375
1879,1821.5444,57.45556640625
8294,8724.809,-430.80859375
731,887.3511,-156.35107421875
4708,6474.288,-1766.2880859375
9116,9325.937,-209.9365234375
658,310.0962,347.90380859375
918,964.1057,-46.105712890625
8669,8495.611,173.388671875
625,657.0874,-32.08740234375
933,974.1963,-41.1962890625
2859,3132.8608,-273.86083984375
2337,2773.8457,-436.845703125
1410,1377.8691,32.130859375
17920,16626.26,1293.740234375
537,619.15625,-82.15625
802,778.1997,23.80029296875
3201,2837.1855,363.814453125
11007,11379.469,-372.46875
11015,11435.177,-420.1767578125
491,447.19043,43.8095703125
597,614.6333,-17.63330078125
18128,17928.361,199.638671875
8170,8135.342,34.658203125
764,798.86475,-34.86474609375
15804,14524.516,1279.484375
557,675.5525,-118.552490234375
6819,6921.5312,-102.53125
2401,2413.876,-12.8759765625
689,721.9536,-32.95361328125
13037,11680.815,1356.1845703125
882,856.15845,25.841552734375
4412,5068.3457,-656.345703125
4276,5151.0527,-875.052734375
3154,3332.3157,-178.315673828125
565,557.447,7.552978515625
3856,4381.697,-525.69677734375
8887,8741.23,145.76953125
15819,17060.162,-1241.162109375
3031,3154.5723,-123.572265625
10652,10330.36,321.6396484375
6252,7157.8223,-905.822265625
4961,4688.145,272.85498046875
4138,3984.3083,153.691650390625
2343,2299.8938,43.106201171875
2626,2875.2446,-249.24462890625
735,927.678,-192.677978515625
10698,10356.236,341.763671875
1140,1164.6636,-24.66357421875
530,432.33862,97.661376953125
2359,2572.4783,-213.478271484375
4457,4727.8164,-270.81640625
1267,1237.9531,29.046875
4229,4234.4517,-5.45166015625
12788,12626.976,161.0244140625
2599,2472.7954,126.20458984375
652,662.0642,-10.064208984375
853,975.03516,-122.03515625
3357,3635.6296,-278.629638671875
1752,2269.9702,-517.97021484375
1348,1479.3716,-131.37158203125
14593,15132.185,-539.1845703125
8858,11200.301,-2342.30078125
5607,6014.418,-407.41796875
2898,3275.6719,-377.671875
6239,6356.038,-117.0380859375
832,866.09106,-34.091064453125
1698,1603.6682,94.331787109375
2469,2738.1626,-269.16259765625
2961,2892.8809,68.119140625
857,937.92285,-80.9228515625
1414,1477.0518,-63.0517578125
2363,2372.9,-9.89990234375
5241,5234.6797,6.3203125
2207,2282.6147,-75.61474609375
8287,10125.919,-1838.9189453125
4134,4378.1885,-244.1884765625
14465,13337.535,1127.46484375
990,862.7234,127.276611328125
1020,973.032,46.968017578125
1628,1458.2048,169.795166015625
600,687.3838,-87.3837890625
8688,7692.0425,995.95751953125
2789,3010.2368,-221.23681640625
1746,1718.5198,27.480224609375
2278,2523.5854,-245.58544921875
3662,4172.6973,-510.697265625
601,605.0957,-4.095703125
17005,16697.379,307.62109375
8518,10623.394,-2105.3935546875
6384,8450.209,-2066.208984375
1076,1042.7603,33.23974609375
3387,3860.8423,-473.84228515625
5250,5391.2603,-141.26025390625
9974,13792.744,-3818.744140625
14185,17027.62,-2842.619140625
1115,1732.6067,-617.606689453125
13113,12798.974,314.0263671875
4816,5311.493,-495.4931640625
8392,8686.147,-294.1474609375
555,605.4048,-50.40478515625
2307,2443.5054,-136.50537109375
2630,2776.439,-146.43896484375
724,714.5315,9.468505859375
1559,1521.8799,37.1201171875
675,712.6399,-37.639892578125
958,1088.1335,-130.133544921875
5547,5610.6963,-63.6962890625
1345,1386.803,-41.802978515625
2520,2727.454,-207.4541015625
414,392.80225,21.19775390625
2310,2104.5762,205.423828125
5637,5396.621,240.37890625
1024,1048.7563,-24.75634765625
710,738.29443,-28.29443359375
707,634.16943,72.83056640625
1194,1375.0876,-181.087646484375
13933,14003.1455,-70.1455078125
4916,6859.8027,-1943.802734375
6458,6584.0713,-126.0712890625
1949,2149.6313,-200.63134765625
9596,7751.9883,1844.01171875
4386,4074.9507,311.04931640625
4144,4935.6245,-791.62451171875
4790,4348.335,441.6650390625
2617,2337.963,279.037109375
942,757.3989,184.60107421875
4200,4022.6113,177.388671875
15917,13611.667,2305.3330078125
4323,3636.1409,686.859130859375
3457,3986.1516,-529.151611328125
594,600.5559,-6.555908203125
582,627.7661,-45.76611328125
3170,3050.6147,119.38525390625
6272,6395.8506,-123.8505859375
5071,5037.2466,33.75341796875
4688,4717.482,-29.48193359375
10704,10539.234,164.765625
1849,1520.8376,328.162353515625
10380,9804.795,575.205078125
1030,1120.406,-90.406005859375
5124,5507.365,-383.365234375
3535,3654.2263,-119.226318359375
684,745.02075,-61.020751953125
450,401.9077,48.09228515625
1415,1422.2444,-7.244384765625
3250,3553.0706,-303.070556640625
2967,3047.2917,-80.291748046875
4013,4456.2197,-443.2197265625
1446,1565.333,-119.3330078125
1707,1702.0388,4.961181640625
1245,1205.3994,39.6005859375
902,949.74243,-47.742431640625
2086,2131.969,-45.968994140625
1370,1361.4412,8.558837890625
802,656.88257,145.117431640625
4125,4598.843,-473.8427734375
1637,1567.0957,69.904296875
2048,2362.2363,-314.236328125
1206,1441.9045,-235.904541015625
8927,9061.482,-134.482421875
4268,4632.475,-364.47509765625
791,1042.4263,-251.42626953125
637,652.33496,-15.3349609375
18236,18553.957,-317.95703125
1107,1013.37427,93.625732421875
7723,7821.9854,-98.9853515625
3450,3545.8145,-95.814453125
2781,2718.5134,62.486572265625
6535,7776.713,-1241.712890625
5885,5831.0933,53.90673828125
3308,3130.0413,177.958740234375
9377,8445.356,931.6435546875
475,457.28735,17.712646484375
13464,14501.5205,-1037.5205078125
1551,1610.8596,-59.859619140625
5306,5291.5674,14.4326171875
1749,1991.6913,-242.6912841796875
6442,6527.579,-85.5791015625
767,813.6655,-46.66552734375
4585,4815.425,-230.4248046875
930,900.8301,29.169921875
3170,3342.3447,-172.3447265625
13931,13741.903,189.0966796875
932,1201.4897,-269.48974609375
1056,1253.3384,-197.33837890625
2233,1803.8994,429.1005859375
15147,14703.315,443.6845703125
6708,7097.4463,-389.4462890625
6522,6586.9814,-64.9814453125
485,573.7698,-88.769775390625
961,1004.626,-43.6259765625
1253,1408.2583,-155.25830078125
1061,903.59546,157.404541015625
6678,6667.7744,10.2255859375
8298,8428.971,-130.970703125
882,1186.3706,-304.37060546875
652,749.68896,-97.68896484375
1044,1092.2991,-48.299072265625
485,569.2803,-84.2802734375
2041,2157.647,-116.64697265625
1177,1100.7966,76.203369140625
504,469.7544,34.24560546875
4547,4802.23,-255.22998046875
1008,1073.71,-65.7099609375
9028,8897.869,130.130859375
8299,10140.423,-1841.4228515625
16462,16913.2,-451.19921875
1637,1560.854,76.14599609375
990,947.23706,42.762939453125
14490,17493.861,-3003.861328125
4492,3992.8162,499.183837890625
880,773.3574,106.642578125
5887,6173.7793,-286.779296875
620,731.4636,-111.463623046875
5151,4840.836,310.1640625
1580,1689.9902,-109.990234375
745,795.99854,-50.99853515625
1014,1107.3923,-93.392333984375
731,622.18506,108.81494140625
10662,10757.533,-95.533203125
5736,5845.25,-109.25
8736,8169.326,566.673828125
4283,4676.5054,-393.50537109375
1781,1640.4509,140.549072265625
605,605.16504,-0.1650390625
5310,5179.7207,130.279296875
6846,7003.782,-157.7822265625
1073,1130.8086,-57.80859375
2564,2706.4263,-142.42626953125
1004,1012.7932,-8.793212890625
1253,1510.4507,-257.45068359375
11302,10548.165,753.8349609375
4479,4721.688,-242.68798828125
3864,3952.781,-88.781005859375
8793,10858.192,-2065.1923828125
2596,2266.811,329.18896484375
851,769.5818,81.418212890625
10468,10313.772,154.2275390625
4366,4573.2065,-207.20654296875
1307,1316.0679,-9.06787109375
4125,4564.322,-439.32177734375
877,733.42554,143.574462890625
453,402.46655,50.533447265625
732,633.874,98.1259765625
675,516.8865,158.113525390625
1629,1497.4016,131.598388671875
1832,1664.6956,167.304443359375
17330,17641.307,-311.306640625
1046,895.88574,150.1142578125
515,510.65796,4.342041015625
898,855.5193,42.480712890625
1837,2079.835,-242.8349609375
391,230.1228,160.877197265625
4852,4285.937,566.06298828125
3528,4028.5222,-500.522216796875
1172,1177.0203,-5.020263671875
3915,4293.3354,-378.33544921875
1049,1100.008,-51.008056640625
12379,15024.904,-2645.904296875
3209,3746.9836,-537.983642578125
3453,4012.2627,-559.2626953125
1080,976.28516,103.71484375
9484,9602.068,-118.068359375
3574,3626.1492,-52.149169921875
574,566.834,7.166015625
15941,15755.012,185.98828125
5055,5337.25,-282.25
787,837.4668,-50.466796875
3948,4554.4717,-606.4716796875
702,722.7219,-20.721923828125
827,938.69604,-111.696044921875
4805,4432.3857,372.6142578125
7125,7521.643,-396.64306640625
1432,1420.303,11.697021484375
928,795.1521,132.847900390625
855,1008.59644,-153.596435546875
17917,18574.06,-657.060546875
6440,6360.4688,79.53125
1815,1727.2888,87.711181640625
1950,2080.8252,-130.8251953125
746,715.5764,30.423583984375
2263,2117.668,145.33203125
1061,931.1467,129.853271484375
10931,10718.145,212.85546875
4138,4053.0933,84.90673828125
4504,4720.3467,-216.3466796875
2993,3148.9805,-155.98046875
795,703.05225,91.94775390625
2581,2718.2388,-137.23876953125
8235,8413.038,-178.0380859375
884,959.0437,-75.043701171875
666,828.2195,-162.219482421875
942,748.64014,193.35986328125
422,416.18872,5.811279296875
9215,9406.929,-191.9287109375
984,1029.436,-45.43603515625
641,459.8213,181.1787109375
2680,2750.234,-70.23388671875
4211,6166.202,-1955.2021484375
15915,15382.921,532.0791015625
8411,7547.1943,863.8056640625
2197,2506.842,-309.842041015625
788,920.4231,-132.423095703125
6720,6453.461,266.5390625
1311,1213.8984,97.1015625
1757,1613.3591,143.640869140625
8110,7199.8096,910.1904296875
787,878.7085,-91.70849609375
14674,13881.154,792.845703125
1684,1897.6084,-213.6083984375
15919,16605.006,-686.005859375
1814,1858.4712,-44.47119140625
945,824.05176,120.9482421875
16914,15979.385,934.615234375
10693,11355.059,-662.05859375
5032,6734.1973,-1702.197265625
4666,4577.1987,88.80126953125
7056,6716.542,339.4580078125
4824,4588.4214,235.57861328125
1814,1863.3389,-49.3388671875
1427,1449.0808,-22.080810546875
1993,2278.0435,-285.04345703125
2131,2141.8672,-10.8671875
7397,7021.5522,375.44775390625
2159,2485.9517,-326.95166015625
2481,2602.059,-121.05908203125
536,445.8313,90.168701171875
14481,14608.629,-127.62890625
1131,925.3706,205.62939453125
4916,6199.217,-1283.216796875
1106,1270.0967,-164.0966796875
1915,2061.2908,-146.290771484375
4151,4002.1794,148.820556640625
1190,1054.0232,135.976806640625
827,948.6389,-121.638916015625
596,672.67456,-76.674560546875
781,819.6135,-38.613525390625
6195,5080.479,1114.52099609375
2369,2498.2686,-129.2685546875
605,615.6897,-10.689697265625
421,423.1306,-2.130615234375
6415,6662.019,-247.01904296875
3710,3391.9065,318.093505859375
8415,9173.683,-758.6826171875
530,458.12354,71.87646484375
8107,8112.0674,-5.0673828125
1400,1190.604,209.39599609375
3167,3454.017,-287.01708984375
809,649.26465,159.7353515625
10186,11952.352,-1766.3515625
6787,6669.1846,117.8154296875
2885,3614.4626,-729.462646484375
681,795.24414,-114.244140625
10147,13368.795,-3221.794921875
684,767.52734,-83.52734375
4144,4746.8535,-602.853515625
1244,1510.7478,-266.747802734375
1423,1480.8418,-57.841796875
2183,1782.9832,400.016845703125
3472,3354.0388,117.961181640625
645,695.4629,-50.462890625
881,936.65186,-55.65185546875
1651,1513.366,137.634033203125
1343,1405.4509,-62.450927734375
1966,1833.9707,132.029296875
12857,13962.394,-1105.3935546875
4234,4794.9014,-560.9013671875
561,594.0879,-33.087890625
1069,1472.8394,-403.83935546875
2912,2950.337,-38.3369140625
4944,5530.2812,-586.28125
5443,5821.823,-378.8232421875
776,691.3972,84.602783203125
924,883.0112,40.98876953125
675,639.4038,35.59619140625
1074,917.4961,156.50390625
5294,7122.4355,-1828.435546875
1928,1783.564,144.43603515625
658,639.157,18.843017578125
769,739.36646,29.633544921875
862,766.3557,95.644287109375
7727,7365.0522,361.94775390625
1698,1810.448,-112.447998046875
1915,1768.8723,146.127685546875
2555,2557.6035,-2.603515625
2858,3015.3118,-157.311767578125
503,503.7976,-0.797607421875
2008,2086.2625,-78.262451171875
624,599.6665,24.33349609375
599,678.16235,-79.162353515625
449,323.25415,125.745849609375
3267,3724.9663,-457.96630859375
10929,10509.132,419.8681640625
2255,2298.1274,-43.12744140625
2423,2392.5264,30.4736328125
952,1074.5852,-122.585205078125
827,985.6111,-158.611083984375
2853,2637.599,215.40087890625
2797,2806.4888,-9.48876953125
1627,1677.5483,-50.54833984375
4435,4583.79,-148.7900390625
2543,2780.8975,-237.8974609375
1236,1247.1323,-11.13232421875
716,710.478,5.52197265625
995,891.48267,103.517333984375
17381,17659.719,-278.71875
13994,13475.548,518.4521484375
13119,13805.319,-686.3193359375
5446,5556.4004,-110.400390625
969,1035.0056,-66.005615234375
13007,14356.298,-1349.2978515625
4277,4340.064,-63.06396484375
1905,2164.873,-259.873046875
4488,4958.323,-470.3232421875
4825,4349.243,475.7568359375
3599,4072.1484,-473.1484375
827,733.68115,93.31884765625
4742,5383.325,-641.3251953125
2359,2344.675,14.324951171875
984,856.36035,127.6396484375
942,922.3164,19.68359375
3923,4068.1558,-145.15576171875
2482,2718.9722,-236.97216796875
14709,14381.952,327.0478515625
4630,4661.9614,-31.96142578125
5390,5827.005,-437.0048828125
3489,3546.8037,-57.8037109375
14383,14395.808,-12.8076171875
487,457.5437,29.456298828125
12111,10649.952,1461.0478515625
567,797.7024,-230.702392578125
9781,9703.986,77.013671875
5292,5256.0557,35.9443359375
506,571.61304,-65.613037109375
2365,2320.9575,44.04248046875
732,652.1592,79.8408203125
893,946.81055,-53.810546875
498,381.40015,116.599853515625
7742,8727.61,-985.6103515625
828,701.78687,126.213134765625
4102,4524.24,-422.240234375
876,782.0156,93.984375
4044,3955.7175,88.282470703125
2234,2244.3535,-10.353515625
6406,5699.5527,706.447265625
1402,1400.3696,1.63037109375
1080,1013.49146,66.508544921875
1724,2030.5698,-306.56982421875
622,815.22095,-193.220947265625
14080,12892.145,1187.85546875
589,613.71436,-24.71435546875
1338,1461.99,-123.989990234375
900,771.9968,128.003173828125
3353,3411.742,-58.741943359375
2352,2306.484,45.51611328125
612,501.63452,110.365478515625
17816,18034.863,-218.86328125
1590,1660.9863,-70.986328125
861,767.3262,93.673828125
970,949.23755,20.762451171875
1266,1248.1465,17.853515625
485,460.68457,24.3154296875
6416,6498.4688,-82.46875
3511,3883.418,-372.41796875
1859,2050.589,-191.589111328125
5947,6661.038,-714.0380859375
7983,12299.146,-4316.146484375
684,663.2827,20.71728515625
7453,7290.125,162.875
4791,5582.829,-791.8291015625
3833,4597.329,-764.3291015625
1237,1417.9958,-180.995849609375
1779,1908.8613,-129.861328125
4152,4388.0996,-236.099609375
2680,2911.337,-231.3369140625
596,717.208,-121.2080078125
4870,5064.397,-194.39697265625
2332,2583.5254,-251.525390625
5189,5526.5674,-337.5673828125
1195,1136.9937,58.00634765625
6271,6154.8613,116.138671875
2674,2177.3281,496.671875
558,518.43384,39.566162109375
579,669.29395,-90.2939453125
732,629.312,102.68798828125
773,973.26953,-200.26953125
875,856.71875,18.28125
5028,5709.0205,-681.0205078125
6931,6941.2627,-10.2626953125
4221,4245.535,-24.53515625
9139,9396.127,-257.126953125
1687,1580.5632,106.436767578125
4318,4338.5093,-20.50927734375
630,618.9468,11.05322265625
2702,2754.6462,-52.646240234375
3303,3072.4097,230.59033203125
723,695.1323,27.86767578125
622,849.75757,-227.757568359375
14403,12571.665,1831.3349609375
17360,17187.807,172.193359375
7197,7153.966,43.0341796875
1632,1501.9792,130.020751953125
450,397.60547,52.39453125
5292,4982.146,309.85400390625
772,829.1582,-57.158203125
8669,9212.298,-543.2978515625
584,604.16016,-20.16015625
9225,9337.308,-112.3076171875
14998,15351.091,-353.0908203125
560,570.1758,-10.17578125
670,726.4944,-56.494384765625
16733,16042.682,690.318359375
2697,2532.9438,164.05615234375
9037,9500.994,-463.994140625
4336,3979.8145,356.185546875
6418,6993.0713,-575.0712890625
5166,5069.031,96.96923828125
5293,5126.281,166.71923828125
1200,1099.862,100.137939453125
2338,2420.4648,-82.46484375
2476,2736.891,-260.89111328125
804,768.2368,35.76318359375
4547,4736.2217,-189.2216796875
842,965.43604,-123.43603515625
2541,3332.6787,-791.6787109375
2108,3089.9382,-981.938232421875
505,591.2827,-86.28271484375
1637,1631.6855,5.314453125
2144,2149.5337,-5.53369140625
868,827.1113,40.888671875
882,837.8872,44.11279296875
942,729.83984,212.16015625
16733,17014.658,-281.658203125
765,649.38525,115.61474609375
3180,3252.8892,-72.88916015625
1359,1553.8794,-194.87939453125
694,727.73315,-33.733154296875
3669,3716.8252,-47.8251953125
2701,3089.1807,-388.1806640625
2300,2222.042,77.9580078125
596,769.0708,-173.07080078125
3965,4759.219,-794.21923828125
3540,3411.4824,128.517578125
928,783.3115,144.6884765625
6745,7421.491,-676.4912109375
742,1217.3125,-475.3125
608,536.3618,71.63818359375
5090,5648.861,-558.86083984375
14543,17556.35,-3013.349609375
619,615.1079,3.89208984375
900,794.0708,105.92919921875
4366,4184.713,181.287109375
1150,1148.1174,1.882568359375
1013,789.04785,223.9521484375
1579,1743.7397,-164.73974609375
3267,4089.0393,-822.039306640625
6547,6375.953,171.046875
738,1116.0786,-378.07861328125
984,834.6836,149.31640625
2123,2679.692,-556.69189453125
10335,11229.211,-894.2109375
608,506.71924,101.28076171875
696,589.5066,106.493408203125
15451,16499.414,-1048.4140625
628,870.8037,-242.8037109375
1709,1894.4663,-185.46630859375
2432,2383.645,48.35498046875
3713,3893.2131,-180.213134765625
1966,1962.3724,3.6275634765625
725,823.7815,-98.781494140625
9581,9949.388,-368.3876953125
645,695.0242,-50.024169921875
1583,1552.1277,30.872314453125
2815,3090.62,-275.6201171875
1660,1419.7307,240.269287109375
1153,1180.1714,-27.17138671875
720,659.9719,60.028076171875
7103,8671.879,-1568.87890625
789,770.59937,18.400634765625
1699,1539.9937,159.00634765625
4685,4176.0312,508.96875
1827,1950.0642,-123.064208984375
4200,4819.6577,-619.65771484375
1033,854.03687,178.963134765625
7644,7126.493,517.5068359375
2777,2552.3135,224.6865234375
552,575.8318,-23.831787109375
1625,1577.9773,47.022705078125
4179,4873.7603,-694.76025390625
12341,16167.067,-3826.0673828125
2340,3037.4932,-697.4931640625
562,658.7754,-96.775390625
970,1093.845,-123.844970703125
1755,1590.3452,164.65478515625
5935,6602.352,-667.35205078125
1175,1078.5496,96.450439453125
14234,12840.597,1393.4033203125
8741,7804.133,936.8671875
1263,1228.0171,34.98291015625
10709,10640.544,68.4560546875
1748,2019.1611,-271.1611328125
8526,7834.799,691.201171875
1063,1130.1853,-67.185302734375
3332,3361.934,-29.93408203125
2065,2219.3193,-154.3193359375
592,645.3804,-53.38037109375
1792,1948.8729,-156.8729248046875
1929,1999.001,-70.0009765625
1429,1641.0398,-212.039794921875
619,681.7461,-62.74609375
480,508.16846,-28.16845703125
4676,4255.7563,420.24365234375
5299,5096.8003,202.19970703125
7136,7153.339,-17.3388671875
1580,1733.9224,-153.92236328125
5941,5760.103,180.89697265625
541,725.1738,-184.173828125
2982,2900.6582,81.341796875
6022,6177.085,-155.0849609375
720,659.9309,60.069091796875
4095,4097.417,-2.4169921875
1868,1796.8118,71.188232421875
530,644.55835,-114.558349609375
9996,10759.882,-763.8818359375
1613,1828.5046,-215.504638671875
9999,9616.237,382.7626953125
1011,1077.582,-66.58203125
571,597.65625,-26.65625
866,814.69727,51.302734375
1683,1665.9619,17.0380859375
1436,1434.3032,1.69677734375
706,656.5427,49.457275390625
4560,4371.8735,188.12646484375
18340,17648.418,691.58203125
1163,1097.0964,65.903564453125
2513,2842.8752,-329.875244140625
1114,928.16406,185.8359375
5919,5831.33,87.669921875
1436,1183.7544,252.24560546875
1230,1131.7742,98.225830078125
11655,12018.919,-363.9189453125
6277,5952.1665,324.83349609375
402,380.81494,21.18505859375
2281,2535.003,-254.0029296875
14814,15919.858,-1105.8583984375
5197,5368.949,-171.94921875
7066,9539.81,-2473.8095703125
595,465.79395,129.2060546875
5807,5930.821,-123.82080078125
2168,2285.8945,-117.89453125
755,604.48584,150.51416015625
5071,4772.9204,298.07958984375
12308,12395.302,-87.3017578125
710,696.6763,13.32373046875
1092,1019.2173,72.78271484375
421,430.7124,-9.71240234375
702,802.09814,-100.09814453125
6235,6599.999,-364.9990234375
18023,18863.277,-840.27734375
2924,2563.8086,360.19140625
3761,3580.472,180.528076171875
625,647.05835,-22.058349609375
1239,940.61035,298.3896484375
5277,5133.299,143.701171875
1654,1480.5923,173.40771484375
1762,1847.1567,-85.15673828125
2834,2478.164,355.8359375
720,616.9707,103.029296875
816,780.09155,35.908447265625
1010,917.39453,92.60546875
1344,1540.1536,-196.153564453125
12697,13815.581,-1118.5810546875
13500,14269.589,-769.5888671875
4413,4076.4272,336.57275390625
1141,1374.5867,-233.586669921875
3478,3192.7537,285.246337890625
612,612.2046,-0.20458984375
9333,10794.154,-1461.154296875
596,605.6008,-9.600830078125
990,879.53174,110.46826171875
4927,5227.2764,-300.2763671875
17533,16007.04,1525.9599609375
921,1026.9116,-105.91162109375
1662,1579.4883,82.51171875
3684,4122.7134,-438.71337890625
1689,1653.3645,35.635498046875
778,671.1987,106.80126953125
863,888.0469,-25.046875
884,1094.0977,-210.09765625
2160,2061.3096,98.6904296875
1007,1050.1982,-43.1982421875
1915,1886.5137,28.486328125
1609,1563.5234,45.4765625
814,901.34985,-87.349853515625
7508,7226.047,281.953125
999,1038.2974,-39.29736328125
13542,12401.529,1140.470703125
14565,13631.364,933.6357421875
4470,4621.0547,-151.0546875
1560,1700.1143,-140.1142578125
4932,5251.7,-319.7001953125
658,637.45654,20.54345703125
10019,8952.083,1066.9169921875
502,573.7854,-71.785400390625
3050,3438.1912,-388.191162109375
3248,2860.8633,387.13671875
2484,2589.8147,-105.814697265625
732,604.01587,127.984130859375
449,485.07104,-36.071044921875
3704,3416.4553,287.544677734375
4044,4970.0317,-926.03173828125
1692,1525.9583,166.041748046875
3936,3806.6082,129.391845703125
6257,6063.424,193.576171875
4463,4111.4097,351.59033203125
12762,14911.739,-2149.7392578125
802,651.66064,150.33935546875
2541,2959.6963,-418.6962890625
984,1070.2012,-86.201171875
608,761.3281,-153.328125
3528,3645.8484,-117.848388671875
505,459.8252,45.1748046875
548,508.9043,39.095703125
5412,6422.4443,-1010.4443359375
522,671.55054,-149.550537109375
5047,4505.816,541.18408203125
776,736.71704,39.282958984375
13553,10539.501,3013.4990234375
4836,4857.6865,-21.6865234375
9178,9005.448,172.5517578125
4077,4198.077,-121.0771484375
665,671.1819,-6.181884765625
6048,5452.926,595.07421875
5543,5584.835,-41.8349609375
2484,2508.8677,-24.86767578125
4195,4593.5103,-398.51025390625
6108,5617.662,490.337890625
7587,7400.659,186.3408203125
1959,1795.657,163.343017578125
4078,4144.681,-66.68115234375
4312,4394.791,-82.791015625
2246,2790.1675,-544.16748046875
5695,5116.269,578.73095703125
17760,16996.139,763.861328125
7179,7203.8403,-24.84033203125
9918,10390.396,-472.396484375
9248,8525.242,722.7578125
1056,1170.4558,-114.455810546875
1018,1142.5225,-124.5224609375
1316,1380.9753,-64.975341796875
4164,4699.402,-535.40185546875
887,886.29004,0.7099609375
803,717.80786,85.192138671875
6968,6428.333,539.6669921875
9541,9780.596,-239.595703125
789,950.81445,-161.814453125
5451,5688.4775,-237.4775390625
4563,5363.266,-800.26611328125
2568,2502.919,65.0810546875
774,824.572,-50.572021484375
6561,7032.672,-471.671875
3110,3170.3787,-60.378662109375
524,539.04614,-15.046142578125
814,811.6167,2.38330078125
11447,12187.405,-740.4052734375
612,512.4065,99.593505859375
571,677.9658,-106.9658203125
961,1030.9814,-69.9814453125
505,530.781,-25.781005859375
523,412.25244,110.74755859375
4666,4186.835,479.1650390625
610,626.7539,-16.75390625
743,627.94507,115.054931640625
1683,2062.7046,-379.70458984375
7672,6452.741,1219.2587890625
778,728.0571,49.94287109375
2656,2706.0696,-50.069580078125
993,1013.8928,-20.892822265625
2168,2221.789,-53.7890625
13675,17146.14,-3471.140625
1012,1152.7334,-140.7333984375
2595,2705.7668,-110.766845703125
945,861.9126,83.08740234375
3888,4168.945,-280.94482421875
695,741.3186,-46.318603515625
4147,4684.8335,-537.83349609375
10891,10005.01,885.990234375
3367,3435.0168,-68.016845703125
2825,2987.3813,-162.38134765625
4284,4297.8696,-13.86962890625
636,728.4258,-92.42578125
718,760.8801,-42.880126953125
1172,996.9612,175.038818359375
675,548.58594,126.4140625
1218,1484.7312,-266.731201171875
583,733.51196,-150.511962890625
5914,4585.987,1328.01318359375
698,566.6509,131.34912109375
661,672.3179,-11.31787109375
3812,4929.929,-1117.92919921875
1436,1483.2095,-47.20947265625
702,680.0271,21.972900390625
1373,1452.9353,-79.935302734375
6881,7312.0576,-431.0576171875
5411,5826.224,-415.22412109375
2308,2411.1865,-103.1865234375
4914,4173.8936,740.1064453125
3881,3786.293,94.70703125
6108,5788.0864,319.91357421875
5576,5009.579,566.4208984375
5324,5129.238,194.76220703125
738,773.44116,-35.441162109375
969,848.7842,120.2158203125
1993,1869.4397,123.560302734375
13393,11675.882,1717.1181640625
5041,4794.824,246.17578125
5456,6046.8066,-590.806640625
615,774.2683,-159.268310546875
557,475.30884,81.691162109375
6096,5638.018,457.98193359375
7533,7480.067,52.93310546875
4101,4699.1357,-598.1357421875
928,814.15894,113.841064453125
672,889.062,-217.06201171875
521,608.2307,-87.230712890625
653,910.062,-257.06201171875
8879,9860.966,-981.9658203125
12980,15312.544,-2332.5439453125
3312,3938.3367,-626.336669921875
3746,3422.7908,323.209228515625
12389,12531.014,-142.013671875
771,799.6887,-28.688720703125
1097,1100.5166,-3.5166015625
2700,2723.5596,-23.5595703125
8645,8952.786,-307.7861328125
16589,18553.932,-1964.931640625
1107,1048.7183,58.28173828125
1007,965.16504,41.8349609375
14165,13143.43,1021.5703125
525,507.8042,17.19580078125
1209,1187.7229,21.277099609375
5182,5031.535,150.46484375
14775,14933.201,-158.201171875
1134,1145.4099,-11.409912109375
10508,10868.526,-360.5263671875
3013,3226.4883,-213.48828125
1976,2140.2327,-164.232666015625
1787,1735.9297,51.0703125
3457,3291.2979,165.7021484375
6166,6471.971,-305.97119140625
15991,16972.838,-981.837890625
838,909.1018,-71.101806640625
9439,10321.146,-882.146484375
1446,1230.3372,215.662841796875
4078,5521.4473,-1443.447265625
4133,4393.426,-260.42578125
480,417.68628,62.313720703125
3763,4543.1147,-780.11474609375
17425,17903.314,-478.314453125
1049,1099.4441,-50.444091796875
2795,2684.8682,110.1318359375
11716,13274.672,-1558.671875
1076,1054.5596,21.4404296875
3084,3362.0293,-278.029296875
8334,8050.0244,283.9755859375
6587,6537.4023,49.59765625
1354,1380.2036,-26.20361328125
1689,1694.6135,-5.613525390625
683,735.353,-52.35302734375
6441,6174.1353,266.86474609375
1815,1737.0288,77.97119140625
13623,13207.074,415.92578125
2393,2107.858,285.14208984375
9389,9612.5625,-223.5625
573,569.9783,3.021728515625
1971,2022.7336,-51.733642578125
1244,2104.5503,-860.55029296875
15096,16850.559,-1754.55859375
4961,5171.1426,-210.142578125
4830,4784.0073,45.99267578125
1433,1520.6104,-87.6103515625
766,743.47217,22.52783203125
4968,5721.2065,-753.20654296875
792,928.1482,-136.148193359375
10839,11165.519,-326.5185546875
5018,5258.2573,-240.25732421875
3916,4183.6895,-267.689453125
1154,1282.2605,-128.260498046875
645,705.85034,-60.850341796875
15451,13912.54,1538.4599609375
898,879.51855,18.4814453125
1641,1700.1299,-59.1298828125
8705,8374.71,330.2900390625
1698,1666.0188,31.981201171875
1851,1813.0569,37.943115234375
2930,3283.8516,-353.8515625
928,758.09375,169.90625
6727,6768.5293,-41.529296875
8752,9633.919,-881.9189453125
1187,1239.3875,-52.387451171875
1046,858.5989,187.401123046875
1051,1156.9358,-105.935791015625
4900,4375.7764,524.2236328125
2548,2631.7227,-83.72265625
2502,2185.8027,316.197265625
895,831.0227,63.977294921875
576,565.6575,10.342529296875
829,859.90674,-30.90673828125
5161,5329.6553,-168.6552734375
3941,4236.888,-295.88818359375
8408,8736.3,-328.2998046875
854,767.5725,86.427490234375
658,643.88184,14.1181640625
600,765.5183,-165.518310546875
1551,1656.4902,-105.490234375
1934,1767.9558,166.044189453125
1698,1914.9218,-216.9217529296875
1740,1745.9221,-5.922119140625
10580,12097.89,-1517.8896484375
2066,2004.9567,61.0433349609375
1004,1017.8386,-13.838623046875
4960,5097.9175,-137.91748046875
648,700.1848,-52.184814453125
1050,1010.874,39.1259765625
597,774.5774,-177.577392578125
599,470.20166,128.79833984375
16512,15119.367,1392.6328125
3391,3851.574,-460.573974609375
517,581.91504,-64.9150390625
975,913.8203,61.1796875
972,840.0376,131.96240234375
720,809.1643,-89.164306640625
929,929.18677,-0.186767578125
633,595.7029,37.297119140625
2633,2364.1782,268.82177734375
2404,2762.9348,-358.934814453125
703,888.1692,-185.169189453125
11267,11010.569,256.4306640625
1754,1794.5425,-40.54248046875
8396,9164.509,-768.5087890625
3205,3147.5906,57.409423828125
477,631.63965,-154.6396484375
2987,3214.0503,-227.05029296875
5078,5246.7466,-168.74658203125
6091,5396.0645,694.935546875
912,992.4824,-80.482421875
3360,3740.1438,-380.143798828125
721,670.0603,50.939697265625
2167,2126.2812,40.71875
3428,3564.0154,-136.015380859375
1656,1610.7319,45.26806640625
605,588.7368,16.26318359375
5494,6504.2627,-1010.2626953125
441,433.3125,7.6875
2741,2828.4768,-87.476806640625
5443,5813.928,-370.92822265625
3924,4895.0674,-971.0673828125
1192,1195.1646,-3.16455078125
5676,6276.0244,-600.0244140625
3192,3826.9749,-634.974853515625
7790,8732.582,-942.58203125
4981,4153.2656,827.734375
1600,1586.345,13.655029296875
1679,1938.0985,-259.0985107421875
2956,3067.2788,-111.27880859375
1847,1882.3315,-35.33154296875
1588,1699.883,-111.883056640625
2347,2523.1226,-176.12255859375
2625,2627.3037,-2.3037109375
675,613.9353,61.064697265625
5534,5610.0806,-76.08056640625
666,775.13184,-109.1318359375
5918,6097.576,-179.576171875
4093,4449.6465,-356.646484375
1628,1466.8789,161.12109375
1433,1442.4375,-9.4375
2780,2579.523,200.47705078125
15147,18083.426,-2936.42578125
3856,3758.984,97.01611328125
4770,3901.1357,868.8642578125
11519,12801.665,-1282.6650390625
755,882.85645,-127.8564453125
2479,2496.5776,-17.57763671875
597,603.56104,-6.56103515625
3609,3984.3677,-375.36767578125
765,635.4136,129.58642578125
5112,4139.161,972.8388671875
435,413.94727,21.052734375
1167,1502.7615,-335.761474609375
4517,3917.763,599.237060546875
3850,3816.8682,33.1318359375
1242,1299.5598,-57.559814453125
716,865.3645,-149.364501953125
2043,2372.4111,-329.4111328125
863,1022.7024,-159.702392578125
1799,1794.3103,4.689697265625
1956,1944.649,11.3509521484375
891,921.9309,-30.930908203125
3662,3532.8408,129.1591796875
802,752.4033,49.5966796875
675,487.71582,187.2841796875
5242,5401.006,-159.005859375
1721,1556.9524,164.047607421875
4212,5035.032,-823.0322265625
450,527.48535,-77.4853515625
842,784.33325,57.666748046875
6803,6969.656,-166.65576171875
1656,1690.3655,-34.365478515625
628,580.0049,47.9951171875
5951,5729.8174,221.1826171875
876,842.04395,33.9560546875
4798,5915.9487,-1117.94873046875
13621,11942.787,1678.212890625
1183,1299.4648,-116.46484375
8496,9022.281,-526.28125
3744,3602.0007,141.999267578125
802,770.49194,31.508056640625
18179,17860.86,318.140625
863,714.4905,148.509521484375
645,690.54395,-45.5439453125
513,481.47534,31.524658203125
2842,2413.7563,428.24365234375
17228,16990.459,237.541015625
18168,16995.52,1172.48046875
1114,1115.29,-1.2900390625
6472,7750.1816,-1278.181640625
4202,4509.0615,-307.0615234375
1881,2018.8601,-137.860107421875
3276,4338.967,-1062.966796875
1401,1317.1116,83.888427734375
838,835.3071,2.69287109375
1615,1913.6094,-298.609375
1041,827.26025,213.73974609375
687,764.9104,-77.910400390625
544,569.657,-25.656982421875
5779,5725.7554,53.24462890625
7182,7033.371,148.62890625
648,543.15234,104.84765625
760,816.65967,-56.65966796875
915,1288.2329,-373.23291015625
575,585.4231,-10.423095703125
1989,1891.8453,97.1546630859375
719,740.124,-21.1240234375
10835,11593.115,-758.115234375
4173,4042.0361,130.9638671875
2994,2929.1638,64.836181640625
1007,1166.1572,-159.1572265625
6837,5530.744,1306.255859375
711,646.2051,64.794921875
866,758.8176,107.182373046875
941,920.51196,20.488037109375
2563,2750.2131,-187.213134765625
1785,2013.0385,-228.0384521484375
3846,4298.5103,-452.51025390625
10640,12742.84,-2102.83984375
12956,10946.734,2009.265625
2398,2210.4966,187.50341796875
6669,6190.4575,478.54248046875
632,651.0454,-19.04541015625
15193,12714.976,2478.0244140625
3703,3311.513,391.487060546875
812,848.88525,-36.88525390625
14936,14827.871,108.12890625
890,1003.7993,-113.79931640625
621,784.5415,-163.54150390625
4663,3999.7925,663.20751953125
897,899.91455,-2.91455078125
557,505.57788,51.422119140625
3427,4022.9272,-595.92724609375
4788,4752.591,35.4091796875
802,755.54297,46.45703125
661,680.1631,-19.1630859375
7233,7408.6055,-175.60546875
755,908.8491,-153.84912109375
3796,4392.481,-596.48095703125
13211,16719.508,-3508.5078125
4668,3709.4226,958.577392578125
526,618.5271,-92.527099609375
8220,8617.6455,-397.6455078125
2536,2453.2717,82.728271484375
844,632.90356,211.096435546875
692,576.77954,115.220458984375
10046,10316.933,-270.9326171875
9104,8957.466,146.5341796875
1013,812.42944,200.570556640625
3226,3193.0176,32.982421875
828,728.1443,99.855712890625
7702,8728.021,-1026.021484375
2930,3367.2717,-437.271728515625
445,452.53052,-7.530517578125
1284,1384.6763,-100.67626953125
2690,3020.105,-330.10498046875
993,1057.5317,-64.53173828125
8131,7815.131,315.869140625
2572,2640.037,-68.037109375
10278,11141.633,-863.6328125
761,772.5054,-11.50537109375
1397,1353.2864,43.713623046875
1716,1601.7874,114.212646484375
3816,3786.9678,29.0322265625
3219,3063.7688,155.231201171875
2559,2716.2534,-157.25341796875
791,1001.2971,-210.297119140625
4637,5693.1045,-1056.1044921875
743,631.02515,111.974853515625
1774,1765.5337,8.46630859375
811,912.6106,-101.610595703125
4586,5084.8926,-498.892578125
14429,16653.383,-2224.3828125
734,735.532,-1.531982421875
1400,1381.6116,18.388427734375
447,511.55322,-64.55322265625
1158,1586.5955,-428.595458984375
3004,2776.3782,227.621826171875
1264,1227.8774,36.12255859375
3142,3085.6426,56.357421875
7976,7708.502,267.498046875
17805,14765.976,3039.0244140625
4242,3921.6167,320.38330078125
477,450.41626,26.583740234375
845,1014.1089,-169.10888671875
1628,1519.7214,108.278564453125
9580,9719.834,-139.833984375
683,855.4507,-172.45068359375
4274,4756.8203,-482.8203125
668,621.91675,46.083251953125
5410,5278.201,131.798828125
4891,5001.4277,-110.427734375
2357,2192.682,164.318115234375
7230,7658.4834,-428.4833984375
3365,3287.3767,77.623291015625
6153,5773.8545,379.1455078125
651,619.02954,31.970458984375
872,744.9673,127.03271484375
4248,4104.599,143.40087890625
17078,17277.326,-199.326171875
447,428.0044,18.99560546875
18741,17258.059,1482.94140625
2289,2378.8135,-89.8134765625
2652,3040.077,-388.076904296875
734,755.90674,-21.90673828125
1113,1326.1753,-213.17529296875
605,616.7771,-11.777099609375
18599,17779.326,819.673828125
2257,1694.2124,562.78759765625
646,697.4829,-51.48291015625
11968,10851.839,1116.1611328125
3858,4018.3953,-160.395263671875
2438,2597.5356,-159.53564453125
16086,15762.969,323.03125
6863,7854.604,-991.60400390625
921,963.74365,-42.74365234375
555,497.16748,57.83251953125
1690,1511.3987,178.601318359375
929,944.7688,-15.768798828125
878,593.0884,284.91162109375
5017,5947.0605,-930.060546875
5868,5368.283,499.716796875
1820,2089.4546,-269.45458984375
1106,1280.6489,-174.64892578125
1786,1712.5359,73.464111328125
1087,1306.7483,-219.748291015625
1290,1370.1887,-80.188720703125
5635,5288.9175,346.08251953125
11073,11825.748,-752.748046875
1286,1186.2961,99.703857421875
1776,1432.2026,343.79736328125
2970,2102.5205,867.4794921875
854,744.4099,109.590087890625
1200,1229.1086,-29.108642578125
775,775.7046,-0.70458984375
1784,1940.5072,-156.5072021484375
3286,3627.7542,-341.754150390625
2474,2861.736,-387.736083984375
911,760.8147,150.185302734375
720,696.35547,23.64453125
1444,1464.7852,-20.78515625
7064,6590.5225,473.4775390625
1908,1221.4341,686.56591796875
421,574.00195,-153.001953125
3398,3499.4685,-101.468505859375
2804,2964.3599,-160.35986328125
2376,3066.959,-690.958984375
1239,1454.5088,-215.5087890625
8004,7271.3926,732.607421875
15153,15973.459,-820.458984375
4469,5360.8267,-891.82666015625
1133,971.2883,161.711669921875
932,913.5132,18.48681640625
5091,5186.119,-95.119140625
2560,2594.2122,-34.212158203125
816,775.428,40.572021484375
5174,5279.5283,-105.5283203125
923,814.406,108.593994140625
2331,2287.4287,43.5712890625
4096,4174.1235,-78.12353515625
435,418.32837,16.671630859375
4503,4328.3784,174.62158203125
4580,5128.588,-548.587890625
601,561.48584,39.51416015625
605,647.8364,-42.83642578125
584,861.947,-277.947021484375
2507,2516.9766,-9.9765625
1061,999.282,61.718017578125
5821,5437.1157,383.88427734375
3254,3158.1755,95.824462890625
10332,11553.054,-1221.0537109375
9051,8957.619,93.380859375
446,438.26855,7.7314453125
10662,10853.311,-191.310546875
1345,1453.6865,-108.6865234375
675,463.93042,211.069580078125
9479,9210.096,268.904296875
775,784.0845,-9.08447265625
586,607.40137,-21.4013671875
732,701.74414,30.255859375
477,488.12256,-11.12255859375
788,765.01074,22.9892578125
536,523.6897,12.310302734375
1115,1165.7979,-50.7978515625
4183,3880.956,302.0439453125
4004,4787.9697,-783.9697265625
15255,16019.807,-764.806640625
790,876.5603,-86.560302734375
958,1231.9231,-273.923095703125
4344,4796.9453,-452.9453125
1292,1413.7029,-121.702880859375
3008,3572.2021,-564.2021484375
2907,2983.288,-76.2880859375
734,834.5222,-100.522216796875
1626,1885.4817,-259.481689453125
4257,4697.384,-440.3837890625
2398,2450.4404,-52.4404296875
2112,1849.3914,262.608642578125
1046,831.0825,214.91748046875
4232,4343.29,-111.2900390625
7714,7576.8765,137.12353515625
789,822.33887,-33.3388671875
5592,5509.3413,82.65869140625
535,458.10254,76.8974609375
5667,5543.7285,123.271484375
7528,6901.254,626.74609375
2624,3073.6177,-449.61767578125
3775,3870.006,-95.006103515625
850,673.84595,176.154052734375
619,744.26416,-125.26416015625
6830,5052.1885,1777.8115234375
710,705.31274,4.687255859375
8119,7922.7793,196.220703125
1063,902.2051,160.794921875
13560,14682.736,-1122.736328125
6271,5861.346,409.65380859375
490,395.5686,94.431396484375
1210,1767.2654,-557.265380859375
9069,8176.3486,892.6513671875
1400,1513.2529,-113.2529296875
1233,1221.3328,11.667236328125
5387,5016.552,370.4482421875
977,1474.7397,-497.73974609375
3323,2795.1792,527.82080078125
802,667.7854,134.214599609375
942,805.5415,136.45849609375
1443,1483.3552,-40.355224609375
5254,5632.8555,-378.85546875
694,792.5156,-98.515625
2863,2825.71,37.2900390625
2871,3000.2266,-129.2265625
12581,10037.458,2543.5419921875
2819,2969.3818,-150.3818359375
9828,12743.515,-2915.5146484375
10498,10256.184,241.81640625
6455,6918.045,-463.044921875
10401,9535.885,865.115234375
1448,1801.7302,-353.730224609375
3713,4092.5852,-379.585205078125
2354,2448.7202,-94.72021484375
687,848.6011,-161.60107421875
10419,11294.506,-875.505859375
15102,15379.34,-277.33984375
3895,3844.9397,50.060302734375
2780,3024.196,-244.196044921875
3335,3493.7158,-158.7158203125
2855,3759.7092,-904.709228515625
2712,2909.9285,-197.928466796875
5027,4974.5874,52.41259765625
1254,1493.1375,-239.137451171875
4453,4870.4497,-417.44970703125
3886,4268.4585,-382.45849609375
11746,11870.094,-124.09375
2920,3122.476,-202.47607421875
9344,8488.805,855.1953125
2225,2426.3184,-201.318359375
1634,1646.2974,-12.29736328125
730,725.8047,4.1953125
14300,14376.919,-76.9189453125
4323,4879.668,-556.66796875
2744,2919.456,-175.4560546875
3790,4712.7505,-922.75048828125
1915,1865.2808,49.71923828125
1879,1954.4995,-75.49951171875
8644,8823.651,-179.6513671875
630,601.8174,28.1826171875
684,788.8574,-104.857421875
465,574.1592,-109.1591796875
18674,15674.402,2999.59765625
4816,4736.8394,79.16064453125
7677,8084.7363,-407.736328125
4118,4138.5225,-20.5224609375
1261,1135.5015,125.49853515625
776,513.15625,262.84375
3803,3490.3633,312.63671875
2320,2522.6313,-202.63134765625
789,801.1575,-12.157470703125
9710,8462.677,1247.3232421875
473,635.197,-162.197021484375
6699,5925.0767,773.92333984375
1301,1204.3064,96.693603515625
765,727.82983,37.170166015625
1949,2077.5251,-128.525146484375
6597,7401.963,-804.962890625
4267,4384.824,-117.82421875
5044,5669.258,-625.2578125
544,548.426,-4.426025390625
2079,2080.7456,-1.74560546875
2254,2110.0383,143.961669921875
566,634.8447,-68.8447265625
4004,4225.4043,-221.404296875
14660,13724.341,935.6591796875
404,260.23584,143.76416015625
1105,1216.1262,-111.126220703125
15760,14548.31,1211.6904296875
873,1007.62573,-134.625732421875
8550,9039.231,-489.2314453125
4068,3801.5295,266.470458984375
7695,7903.331,-208.3310546875
755,873.27563,-118.275634765625
5231,5708.2314,-477.2314453125
661,691.2749,-30.27490234375
4332,4318.511,13.48876953125
3293,3563.8416,-270.841552734375
3171,3255.4792,-84.479248046875
1591,1583.8867,7.11328125
10851,10920.912,-69.912109375
7644,7819.898,-175.89794921875
963,772.95386,190.046142578125
1775,1985.6029,-210.6029052734375
18392,18140.752,251.248046875
5111,5479.091,-368.0908203125
16104,15121.71,982.2900390625
7526,6838.8037,687.1962890625
1746,1548.2302,197.769775390625
2277,2390.899,-113.89892578125
6774,7135.742,-361.7421875
723,786.1362,-63.13623046875
556,567.36865,-11.36865234375
4984,5836.747,-852.7470703125
3906,3945.4011,-39.401123046875
12874,13305.366,-431.3662109375
1629,1539.2239,89.776123046875
2377,2347.107,29.89306640625
968,850.7324,117.267578125
512,705.2722,-193.272216796875
6923,6508.2397,414.76025390625
2352,2349.755,2.2451171875
3309,3853.9656,-544.965576171875
4452,4646.9614,-194.96142578125
1922,1900.8008,21.19921875
3355,3422.9292,-67.92919921875
810,875.4824,-65.482421875
6470,7152.333,-682.3330078125
536,601.0425,-65.04248046875
9057,9057.492,-0.4921875
1686,1962.7408,-276.7408447265625
5701,5824.716,-123.7158203125
868,870.18994,-2.18994140625
3532,4158.736,-626.73583984375
2682,3064.662,-382.662109375
17710,16619.281,1090.71875
5702,5826.1396,-124.1396484375
1170,1224.0698,-54.06982421875
1094,945.7063,148.293701171875
1100,968.13403,131.865966796875
827,990.4983,-163.498291015625
1965,1801.606,163.39404296875
4179,4922.89,-743.89013671875
462,466.35864,-4.358642578125
4580,5351.902,-771.90185546875
11435,11156.842,278.158203125
14543,16359.295,-1816.294921875
3443,4448.294,-1005.2939453125
1170,1287.2673,-117.267333984375
3980,4355.582,-375.58203125
863,948.72314,-85.72314453125
2657,2477.2957,179.704345703125
1799,2120.0762,-321.076171875
1909,1985.2848,-76.2847900390625
1909,1977.3251,-68.3250732421875
1823,2002.4843,-179.4842529296875
905,1151.5029,-246.5029296875
625,665.021,-40.02099609375
1665,1582.8293,82.170654296875
4463,4207.3193,255.6806640625
14209,17455.81,-3246.810546875
3087,3181.4604,-94.46044921875
707,781.3074,-74.307373046875
8005,7464.6133,540.38671875
2131,2261.0146,-130.0146484375
3989,4496.392,-507.39208984375
15385,18142.537,-2757.537109375
4416,4758.1562,-342.15625
13622,14811.196,-1189.1962890625
752,763.50757,-11.507568359375
3954,3894.6519,59.34814453125
2413,2430.8193,-17.8193359375
1421,1509.8171,-88.817138671875
666,690.83276,-24.832763671875
1364,1402.2708,-38.270751953125
927,737.45166,189.54833984375
4439,4766.339,-327.3388671875
4611,4936.6772,-325.67724609375
1623,1705.616,-82.615966796875
14196,13959.8545,236.1455078125
2323,2825.0005,-502.00048828125
6290,6519.457,-229.45703125
707,768.63574,-61.6357421875
558,535.98584,22.01416015625
694,852.78735,-158.787353515625
4139,4713.643,-574.64306640625
671,689.9524,-18.952392578125
1183,1323.0654,-140.0654296875
3261,3015.9038,245.09619140625
6985,6607.505,377.4951171875
527,653.23315,-126.233154296875
965,793.62305,171.376953125
2293,2306.8198,-13.81982421875
12905,12752.235,152.7646484375
666,719.4253,-53.42529296875
13812,14456.725,-644.724609375
2716,3072.712,-356.7119140625
1141,963.33887,177.6611328125
489,528.3584,-39.3583984375
1810,1946.8547,-136.854736328125
4246,4172.022,73.97802734375
5374,5475.2383,-101.23828125
11638,15509.368,-3871.3681640625
646,451.46973,194.5302734375
2458,2337.4414,120.55859375
6843,6618.663,224.3369140625
5998,5827.332,170.66796875
879,1026.2739,-147.27392578125
2694,2800.7192,-106.71923828125
3024,2779.5005,244.49951171875
1348,1600.9036,-252.903564453125
1970,51586.22,-49616.21875
879,988.5454,-109.54541015625
2049,2182.8008,-133.80078125
698,631.72046,66.279541015625
13201,16899.06,-3698.060546875
827,963.18335,-136.183349609375
1122,964.1599,157.840087890625
651,630.1887,20.811279296875
3965,4120.699,-155.69921875
1698,1883.956,-185.9560546875
696,823.178,-127.177978515625
5314,5646.785,-332.78515625
523,446.06982,76.93017578125
2102,2371.482,-269.48193359375
5092,5707.702,-615.7021484375
1265,1481.2007,-216.20068359375
1556,1651.6372,-95.63720703125
4008,3562.376,445.6240234375
1806,1812.9958,-6.995849609375
3398,3316.226,81.77392578125
6166,6470.408,-304.408203125
3193,3389.9585,-196.95849609375
842,966.40454,-124.404541015625
4578,4399.863,178.13720703125
635,755.9248,-120.9248046875
2805,2907.0322,-102.0322265625
1374,1079.8064,294.193603515625
8649,9471.302,-822.3017578125
477,498.73535,-21.7353515625
654,702.8318,-48.831787109375
461,473.8474,-12.847412109375
1061,1034.6873,26.312744140625
5056,5161.4653,-105.46533203125
10688,10694.117,-6.1171875
5252,5204.537,47.462890625
1061,825.397,235.60302734375
2459,1987.0499,471.9500732421875
7120,5670.2993,1449.70068359375
1122,983.9934,138.006591796875
4487,4515.4395,-28.439453125
4864,5585.32,-721.31982421875
11329,10065.815,1263.1845703125
5775,5728.0156,46.984375
5998,5728.8223,269.177734375
666,856.86694,-190.866943359375
854,930.8943,-76.894287109375
4372,4092.7632,279.23681640625
16624,16063.169,560.8310546875
1567,1589.3191,-22.319091796875
12013,11937.126,75.8740234375
1687,1487.0044,199.99560546875
4568,4921.387,-353.38720703125
739,977.1421,-238.14208984375
8093,7517.4385,575.5615234375
5187,5498.587,-311.5869140625
7812,8477.343,-665.3427734375
7207,7055.963,151.037109375
855,798.76,56.239990234375
452,527.0161,-75.01611328125
1094,920.83813,173.161865234375
565,566.1011,-1.10107421875
956,775.5669,180.43310546875
15829,16499.414,-670.4140625
1318,1503.937,-185.93701171875
9330,11035.269,-1705.2685546875
956,804.57935,151.420654296875
12617,15320.371,-2703.37109375
3838,4494.7646,-656.7646484375
16787,16033.898,753.1015625
8034,8561.898,-527.8984375
1090,1318.3435,-228.343505859375
842,949.9673,-107.96728515625
2704,2839.2825,-135.282470703125
5520,5175.235,344.76513671875
447,440.32642,6.673583984375
5259,5224.9355,34.064453125
9720,11166.495,-1446.4951171875
722,827.08545,-105.08544921875
9648,9980.345,-332.3447265625
7416,8215.048,-799.0478515625
587,600.66846,-13.66845703125
679,716.4944,-37.494384765625
1392,1558.679,-166.678955078125
14275,12514.249,1760.7509765625
969,943.18115,25.81884765625
789,768.812,20.18798828125
2036,2192.9758,-156.975830078125
4025,4829.7803,-804.7802734375
1680,1931.9355,-251.935546875
1073,944.1987,128.80126953125
9972,9292.729,679.271484375
4455,4734.705,-279.705078125
485,541.79565,-56.795654296875
1377,1472.4077,-95.40771484375
1018,1169.6135,-151.613525390625
13092,12969.788,122.2119140625
600,764.47485,-164.474853515625
855,866.26587,-11.265869140625
1140,1913.2438,-773.2437744140625
5939,5741.6714,197.32861328125
1034,1190.617,-156.616943359375
1772,1869.4758,-97.475830078125
3707,3421.3335,285.66650390625
2156,2212.4192,-56.419189453125
2265,2387.247,-122.2470703125
7440,6247.841,1192.1591796875
12493,13598.03,-1105.0302734375
6260,6183.1523,76.84765625
1881,1952.6987,-71.69873046875
4064,4927.069,-863.06884765625
2988,3317.7126,-329.712646484375
5037,5185.964,-148.9638671875
463,497.5957,-34.595703125
4036,3812.672,223.327880859375
765,787.4558,-22.455810546875
1815,2107.517,-292.51708984375
5515,5216.7603,298.23974609375
6250,7694.4316,-1444.431640625
5645,5542.1465,102.853515625
3599,4626.931,-1027.93115234375
2196,2355.1816,-159.181640625
829,888.45215,-59.4521484375
15531,15667.376,-136.3759765625
6660,6597.3984,62.6015625
7877,7806.012,70.98779296875
1784,1603.1145,180.885498046875
1080,1228.3604,-148.3603515625
1793,1823.644,-30.64404296875
7723,8615.85,-892.849609375
523,476.07324,46.9267578125
6963,6994.165,-31.1650390625
11888,11172.145,715.85546875
3495,3508.688,-13.68798828125
457,460.72314,-3.72314453125
2045,2261.0408,-216.040771484375
6817,6150.4043,666.595703125
1155,1146.5557,8.4443359375
3927,3638.0718,288.92822265625
2386,2713.8438,-327.84375
663,755.1863,-92.186279296875
18186,17720.748,465.251953125
1806,2150.916,-344.916015625
8000,7670.034,329.9658203125
2177,2160.167,16.8330078125
3011,3546.3862,-535.38623046875
8154,9694.237,-1540.2373046875
5398,5047.1826,350.8173828125
1585,1837.4939,-252.493896484375
3136,3731.0576,-595.0576171875
5038,4908.7515,129.24853515625
1431,1569.0508,-138.05078125
6382,6214.834,167.166015625
7090,7526.685,-436.68505859375
4218,4709.0356,-491.03564453125
1011,1286.6562,-275.65625
644,785.57544,-141.575439453125
992,930.86816,61.1318359375
736,623.74023,112.259765625
1814,1902.144,-88.14404296875
2611,2716.1455,-105.1455078125
536,462.86597,73.134033203125
5491,5346.076,144.923828125
737,857.6636,-120.66357421875
1624,1336.5813,287.418701171875
1814,1775.1543,38.845703125
2340,2342.085,-2.0849609375
1963,2040.6085,-77.6085205078125
15609,15603.781,5.21875
857,931.8772,-74.877197265625
4054,3664.9634,389.03662109375
652,518.2881,133.7119140625
982,1115.8728,-133.872802734375
5792,8418.335,-2626.3349609375
1103,1079.8704,23.129638671875
6828,6993.1743,-165.17431640625
607,607.57227,-0.572265625
2352,2328.9849,23.01513671875
530,531.21216,-1.212158203125
777,883.2356,-106.235595703125
10560,10988.869,-428.869140625
865,919.96045,-54.96044921875
771,875.2554,-104.25537109375
2141,2266.0044,-125.00439453125
3640,3676.4912,-36.4912109375
855,771.1577,83.84228515625
5099,5951.3027,-852.302734375
505,544.9414,-39.94140625
3880,4169.002,-289.001953125
16669,15721.199,947.80078125
1445,1571.6143,-126.6142578125
3287,3732.567,-445.56689453125
4258,4268.2446,-10.24462890625
7775,7791.802,-16.8017578125
895,893.0156,1.984375
2154,1834.6597,319.34033203125
6082,6421.7334,-339.7333984375
7316,6668.752,647.248046875
7245,7419.851,-174.85107421875
9005,8364.418,640.58203125
737,744.79834,-7.79833984375
1881,1986.1443,-105.144287109375
897,952.6184,-55.618408203125
1147,1290.0996,-143.099609375
3301,3501.3977,-200.397705078125
404,428.23755,-24.237548828125
2277,2548.8796,-271.879638671875
6597,6305.217,291.783203125
1754,2088.0762,-334.076171875
765,621.2041,143.7958984375
629,863.4241,-234.424072265625
1061,994.8982,66.101806640625
829,872.0344,-43.034423828125
6499,6607.4883,-108.48828125
1668,1655.0012,12.998779296875
1013,874.9016,138.098388671875
1013,931.8567,81.143310546875
7058,6964.367,93.6328125
707,779.2268,-72.226806640625
3787,3595.932,191.068115234375
5602,6067.956,-465.9560546875
2552,2587.0625,-35.0625
2968,3168.2993,-200.29931640625
394,306.78906,87.2109375
16778,16498.395,279.60546875
1572,1570.1206,1.87939453125
7400,7593.998,-193.998046875
720,645.82983,74.170166015625
1011,799.7405,211.259521484375
834,830.0979,3.902099609375
14482,13351.178,1130.822265625
639,662.00366,-23.003662109375
3130,2806.9634,323.03662109375
720,578.83496,141.1650390625
9900,9631.431,268.5693359375
16309,16554.947,-245.947265625
3179,3236.9258,-57.92578125
8090,7430.827,659.1728515625
625,623.3037,1.6962890625
18709,18511.705,197.294921875
792,785.688,6.31201171875
2226,2371.6538,-145.65380859375
2016,2196.8164,-180.81640625
3050,3294.736,-244.736083984375
1806,1605.7312,200.268798828125
1008,1100.2021,-92.2021484375
15517,16267.594,-750.59375
1606,1467.4243,138.57568359375
733,851.0962,-118.09619140625
13530,14416.14,-886.1396484375
969,844.3362,124.663818359375
855,808.448,46.552001953125
10709,10422.013,286.9873046875
876,874.7263,1.273681640625
9803,9553.871,249.12890625
6028,5263.135,764.865234375
5986,5503.1904,482.8095703125
765,690.98706,74.012939453125
650,683.3157,-33.315673828125
5550,5133.8525,416.1474609375
781,754.8867,26.11328125
1046,854.02515,191.974853515625
8538,8925.364,-387.3642578125
3064,2952.0828,111.917236328125
982,1014.4209,-32.4208984375
472,570.93896,-98.93896484375
14386,14188.196,197.8037109375
6600,6453.461,146.5390625
751,734.7063,16.293701171875
1282,1204.8472,77.15283203125
662,753.522,-91.52197265625
7177,7236.0107,-59.0107421875
10003,10106.616,-103.6162109375
1229,1367.928,-138.927978515625
10763,11257.945,-494.9453125
3450,2920.0398,529.960205078125
957,907.1582,49.841796875
552,452.58228,99.417724609375
4744,5191.283,-447.283203125
1401,1740.3276,-339.32763671875
6814,7468.385,-654.384765625
3478,3196.813,281.18701171875
14338,13723.451,614.548828125
7587,7378.8584,208.1416015625
1728,1678.0461,49.953857421875
3539,3662.5713,-123.5712890625
2175,2897.2556,-722.255615234375
1214,1407.8745,-193.87451171875
3643,3692.329,-49.3291015625
1870,1705.1641,164.8359375
10752,9836.92,915.080078125
8774,8737.027,36.97265625
15249,15708.918,-459.91796875
5943,5763.73,179.27001953125
4503,4553.9346,-50.9345703125
1048,1155.8042,-107.80419921875
6377,5849.411,527.5888671875
773,670.12134,102.878662109375
8128,7931.9688,196.03125
844,720.88574,123.1142578125
1030,1122.332,-92.33203125
1957,2136.6697,-179.669677734375
1389,1465.4026,-76.402587890625
907,723.1648,183.835205078125
7806,7722.2627,83.7373046875
2717,2935.4663,-218.46630859375
3091,4178.9243,-1087.92431640625
5218,5327.6343,-109.63427734375
803,738.1267,64.873291015625
4007,3743.4172,263.582763671875
749,606.87036,142.129638671875
9973,8362.278,1610.7216796875
1786,1706.7759,79.22412109375
3620,3721.9211,-101.921142578125
907,721.1052,185.894775390625
2845,2886.295,-41.294921875
2423,2669.136,-246.135986328125
6443,8574.963,-2131.962890625
6324,5588.641,735.35888671875
1087,1012.37036,74.629638671875
5183,5193.619,-10.619140625
10901,13803.663,-2902.6630859375
2463,2605.7485,-142.74853515625
1230,1123.2188,106.78125
1056,1194.6294,-138.62939453125
18784,15436.319,3347.6806640625
13711,16858.31,-3147.310546875
3997,4132.48,-135.47998046875
3694,3541.3071,152.69287109375
8056,8010.384,45.6162109375
403,510.54297,-107.54296875
687,745.0737,-58.07373046875
1057,1520.4373,-463.437255859375
1333,1221.9495,111.050537109375
2306,2523.197,-217.197021484375
5922,5948.6587,-26.65869140625
1729,1857.0884,-128.08837890625
635,797.68994,-162.68994140625
1050,1006.6599,43.340087890625
1059,981.728,77.27197265625
1050,1013.00586,36.994140625
2522,3272.38,-750.3798828125
979,886.48364,92.516357421875
4514,4614.183,-100.18310546875
4234,4546.1997,-312.19970703125
4077,4600.482,-523.48193359375
4312,4737.66,-425.66015625
10268,10555.985,-287.9853515625
1067,953.959,113.041015625
554,579.4038,-25.40380859375
921,1013.3264,-92.326416015625
2801,3177.1758,-376.17578125
2400,2708.1484,-308.1484375
7544,7344.6484,199.3515625
1040,971.3469,68.653076171875
3062,2765.865,296.135009765625
614,748.7346,-134.734619140625
561,598.26733,-37.267333984375
1397,1435.0891,-38.089111328125
1124,1242.9216,-118.921630859375
596,675.041,-79.041015625
811,902.64185,-91.641845703125
6134,6221.9463,-87.9462890625
5022,5336.45,-314.4501953125
3724,4168.018,-444.01806640625
603,687.91284,-84.912841796875
2383,2335.9863,47.013671875
12521,15031.388,-2510.3876953125
675,573.07324,101.9267578125
4764,5414.382,-650.3818359375
485,511.82397,-26.823974609375
557,518.71265,38.287353515625
10184,11677.717,-1493.716796875
4571,4450.9175,120.08251953125
906,816.9697,89.0302734375
717,943.9133,-226.913330078125
13079,14196.6,-1117.599609375
2375,2609.0703,-234.0703125
521,552.36743,-31.367431640625
802,686.1636,115.83642578125
5292,5222.5024,69.49755859375
2804,3089.5928,-285.5927734375
628,509.0188,118.981201171875
658,738.5032,-80.503173828125
1069,936.7783,132.2216796875
7047,7657.119,-610.119140625
7334,7594.146,-260.14599609375
10321,10707.753,-386.7529296875
911,733.84717,177.15283203125
7707,8347.009,-640.0087890625
1642,1514.5469,127.453125
6787,6542.791,244.208984375
1095,1005.89966,89.100341796875
3464,3327.024,136.97607421875
2979,3149.1458,-170.145751953125
13161,12678.897,482.1025390625
6539,6662.6357,-123.6357421875
709,498.07153,210.928466796875
4006,3980.0618,25.938232421875
694,789.5459,-95.5458984375
3710,3323.369,386.631103515625
1108,1179.0286,-71.028564453125
8057,8085.329,-28.3291015625
8422,8442.762,-20.76171875
478,648.8867,-170.88671875
1994,2018.6443,-24.644287109375
1260,1266.0288,-6.02880859375
1307,1807.2808,-500.28076171875
1110,1024.2737,85.726318359375
4969,5052.8267,-83.82666015625
416,514.0337,-98.03369140625
867,918.4597,-51.459716796875
687,812.4214,-125.42138671875
1846,2027.6351,-181.6351318359375
12502,12641.992,-139.9921875
802,709.8667,92.13330078125
1743,1795.9163,-52.916259765625
576,534.1113,41.888671875
6300,5867.347,432.65283203125
4553,4955.071,-402.07080078125
764,825.3103,-61.310302734375
9609,9290.718,318.2822265625
689,682.8423,6.15771484375
2863,2603.4028,259.59716796875
2572,2649.2817,-77.28173828125
7213,6788.932,424.06787109375
6837,6674.9707,162.029296875
4780,4335.2715,444.728515625
722,680.9822,41.017822265625
4004,3958.5176,45.482421875
394,434.91064,-40.91064453125
6208,5799.995,408.0048828125
2475,2652.916,-177.916015625
1271,1386.5896,-115.589599609375
487,661.39014,-174.39013671875
12998,13774.214,-776.2138671875
16031,14320.795,1710.205078125
2106,2630.0151,-524.01513671875
4974,5798.221,-824.22119140625
4882,5343.0723,-461.072265625
4054,3964.496,89.50390625
393,439.00928,-46.00927734375
442,409.41357,32.58642578125
645,646.0935,-1.093505859375
15996,12995.439,3000.560546875
2213,2123.5178,89.482177734375
1240,1072.5044,167.49560546875
9131,9608.998,-477.998046875
3972,3812.6616,159.33837890625
590,574.81006,15.18994140625
810,918.83887,-108.8388671875
1554,1849.3855,-295.385498046875
956,980.4304,-24.430419921875
2667,3106.1575,-439.157470703125
2167,2208.3916,-41.3916015625
12621,10528.045,2092.955078125
816,678.9973,137.002685546875
1810,1957.3363,-147.3363037109375
758,769.5674,-11.5673828125
1441,1446.2654,-5.265380859375
7539,7369.366,169.6337890625
8001,7740.7017,260.29833984375
6073,6367.1704,-294.17041015625
1244,1278.6458,-34.645751953125
1115,1177.2615,-62.261474609375
1153,1134.1667,18.833251953125
7862,10703.627,-2841.626953125
2099,2101.371,-2.37109375
2507,2940.597,-433.596923828125
4496,3735.4226,760.577392578125
684,737.7251,-53.72509765625
4476,4110.6006,365.3994140625
956,997.3679,-41.367919921875
10291,10758.57,-467.5703125
1284,1258.5239,25.47607421875
1808,2284.3516,-476.3515625
8058,8324.001,-266.0009765625
473,505.07593,-32.075927734375
1235,1361.0635,-126.0634765625
6763,6956.204,-193.2041015625
14215,17163.795,-2948.794921875
10623,8095.717,2527.283203125
18741,16694.916,2046.083984375
1286,1251.5452,34.454833984375
3740,3948.0188,-208.018798828125
6972,7251.42,-279.419921875
489,485.31226,3.687744140625
917,767.6726,149.327392578125
8190,8229.089,-39.0888671875
944,721.23193,222.76806640625
9188,8807.731,380.2685546875
917,759.2534,157.74658203125
6750,7149.295,-399.294921875
4118,4440.558,-322.55810546875
5387,5098.468,288.5322265625
1016,1137.7156,-121.715576171875
7422,6890.574,531.42578125
4333,4564.0635,-231.0634765625
3387,3311.0764,75.923583984375
702,726.26855,-24.2685546875
2913,3385.012,-472.011962890625
8109,7798.0254,310.974609375
4120,5128.074,-1008.07421875
1939,2392.278,-453.278076171875
4478,4904.0195,-426.01953125
3994,3830.051,163.948974609375
1857,1846.523,10.47705078125
7666,7681.4854,-15.4853515625
6702,6468.2764,233.7236328125
3126,3173.8306,-47.83056640625
6806,5622.664,1183.3359375
737,751.5664,-14.56640625
5555,4881.82,673.18017578125
6666,6651.2695,14.73046875
7936,8833.702,-897.7021484375
9254,9377.702,-123.7021484375
16878,14680.762,2197.23828125
1436,1249.6914,186.30859375
2461,2789.8755,-328.87548828125
5384,5648.9956,-264.99560546875
507,660.26904,-153.26904296875
2630,2829.9856,-199.985595703125
761,734.25024,26.749755859375
1289,1316.8564,-27.8564453125
15592,17097.502,-1505.501953125
8952,8887.121,64.87890625
3772,3747.5479,24.4521484375
1803,2165.8115,-362.8115234375
3027,3256.9426,-229.942626953125
2148,2138.8398,9.16015625
4536,4695.9727,-159.97265625
10635,10963.964,-328.9638671875
626,698.5918,-72.591796875
3679,3309.4995,369.50048828125
3217,2973.6926,243.307373046875
4123,4291.7485,-168.74853515625
5335,5132.338,202.662109375
6052,5710.7305,341.26953125
11774,12235.944,-461.9443359375
1115,1165.281,-50.281005859375
937,744.09375,192.90625
12693,14831.682,-2138.681640625
2691,2650.204,40.7958984375
9856,14688.656,-4832.65625
506,567.2656,-61.265625
475,476.14697,-1.14697265625
456,483.60962,-27.609619140625
5419,5386.109,32.89111328125
2462,2536.6875,-74.6875
3584,4118.843,-534.8427734375
956,1165.0212,-209.021240234375
3763,3955.4666,-192.466552734375
3965,4223.8086,-258.80859375
2905,3566.3208,-661.32080078125
2787,2268.0735,518.926513671875
2422,2443.9521,-21.9521484375
13043,12446.053,596.947265625
8449,9265.76,-816.759765625
2834,3087.7268,-253.726806640625
10589,10518.415,70.5849609375
789,869.3418,-80.341796875
2960,3325.9949,-365.994873046875
838,914.9851,-76.985107421875
1400,1393.9507,6.04931640625
3589,4092.1238,-503.123779296875
4620,4416.8057,203.1943359375
1797,1966.1849,-169.1849365234375
2841,3423.662,-582.662109375
1128,1206.2612,-78.26123046875
573,653.427,-80.427001953125
5445,5116.3877,328.6123046875
13502,14800.82,-1298.8203125
7415,6638.909,776.0908203125
11272,11440.901,-168.9013671875
1245,1362.0083,-117.00830078125
532,596.5708,-64.57080078125
1801,1585.9602,215.039794921875
576,545.3601,30.639892578125
844,664.2637,179.736328125
8825,11222.874,-2397.8740234375
4631,5275.625,-644.625
2593,2830.5674,-237.5673828125
4156,3995.4207,160.579345703125
2247,2594.0757,-347.07568359375
6944,6416.8447,527.1552734375
3774,3985.4993,-211.499267578125
1243,1248.4341,-5.43408203125
18104,17492.1,611.900390625
5122,4293.324,828.67578125
1232,1190.1418,41.858154296875
2006,2146.5488,-140.548828125
4517,4234.311,282.68896484375
1662,1543.1677,118.832275390625
574,573.0652,0.934814453125
9208,9939.42,-731.419921875
3856,3801.989,54.010986328125
1232,2339.4658,-1107.4658203125
596,670.45654,-74.45654296875
12870,11705.424,1164.576171875
810,939.76465,-129.7646484375
4751,4970.197,-219.19677734375
935,1018.3274,-83.327392578125
5439,6371.631,-932.630859375
394,554.15186,-160.15185546875
3570,4264.2734,-694.2734375
1250,1100.1135,149.886474609375
7466,7110.9214,355.07861328125
772,827.6848,-55.684814453125
4242,3932.55,309.449951171875
9716,8142.3457,1573.654296875
4516,4509.5156,6.484375
6104,6252.0723,-148.072265625
806,801.2866,4.71337890625
872,677.989,194.010986328125
684,650.9219,33.078125
734,771.97485,-37.974853515625
10669,10067.783,601.216796875
7568,7748.461,-180.4609375
1279,1309.2937,-30.293701171875
4550,4288.2954,261.70458984375
1949,1803.3865,145.613525390625
906,769.39355,136.6064453125
5373,4559.817,813.18310546875
4484,4300.7876,183.21240234375
6984,7863.905,-879.90478515625
764,798.66943,-34.66943359375
781,811.6941,-30.694091796875
8936,10386.02,-1450.01953125
3538,3893.2957,-355.295654296875
3333,3518.914,-185.9140625
7665,8206.954,-541.9541015625
7270,8614.914,-1344.9140625
625,753.4314,-128.431396484375
16353,15533.547,819.453125
4467,4765.675,-298.6748046875
466,494.7705,-28.7705078125
4656,4860.6973,-204.697265625
8645,8366.991,278.0087890625
5376,5467.3555,-91.35546875
14725,16927.316,-2202.31640625
8637,7630.077,1006.9228515625
759,817.18726,-58.187255859375
532,505.96948,26.030517578125
1744,1630.8972,113.102783203125
1758,1792.6357,-34.6357421875
637,752.7825,-115.782470703125
565,591.1499,-26.14990234375
13550,13253.25,296.75
2762,2762.8843,-0.88427734375
850,819.03955,30.96044921875
8957,7325.2505,1631.74951171875
9909,9589.045,319.955078125
490,551.4729,-61.472900390625
11011,11606.75,-595.75
786,857.42065,-71.420654296875
4972,4997.6694,-25.66943359375
6271,5877.887,393.11279296875
2357,2177.1152,179.884765625
752,807.7175,-55.717529296875
2151,2700.688,-549.68798828125
1333,1457.249,-124.2490234375
13515,14355.542,-840.5419921875
1040,988.5073,51.49267578125
2057,1836.6787,220.3212890625
14837,16840.518,-2003.517578125
4121,4266.2085,-145.20849609375
3861,4259.8506,-398.8505859375
7602,7733.8145,-131.814453125
7633,7519.912,113.087890625
589,600.3237,-11.32373046875
1084,1019.7449,64.255126953125
15312,14073.152,1238.84765625
776,639.11035,136.8896484375
997,1188.2112,-191.211181640625
667,807.6614,-140.661376953125
1318,1542.0486,-224.048583984375
605,633.7046,-28.70458984375
1872,1747.9084,124.091552734375
1271,1271.6033,-0.603271484375
1035,1150.7522,-115.752197265625
3936,3666.0466,269.953369140625
477,510.9143,-33.914306640625
2851,3017.1133,-166.11328125
15446,14741.959,704.041015625
2318,2590.436,-272.43603515625
3438,3559.9814,-121.9814453125
772,784.32715,-12.3271484375
1883,1878.3313,4.668701171875
2459,2791.0781,-332.078125
2021,1668.9482,352.0517578125
6745,7593.373,-848.373046875
2041,2277.849,-236.84912109375
3958,4008.7705,-50.7705078125
1689,2080.458,-391.4580078125
1868,2077.1624,-209.162353515625
795,890.6643,-95.664306640625
5858,5625.762,232.23779296875
17068,15908.235,1159.7646484375
449,294.5459,154.4541015625
3295,3527.0415,-232.04150390625
493,473.5088,19.4912109375
1041,926.20557,114.79443359375
1967,2385.5425,-418.54248046875
7803,7236.8823,566.11767578125
16733,16648.342,84.658203125
12152,10148.101,2003.8994140625
8794,11905.028,-3111.0283203125
3139,3867.4446,-728.444580078125
533,658.37744,-125.37744140625
1240,1253.5886,-13.588623046875
675,531.34937,143.650634765625
709,560.67993,148.320068359375
4125,4049.5098,75.490234375
3847,4619.0195,-772.01953125
633,736.72705,-103.72705078125
5595,5763.331,-168.3310546875
942,774.1836,167.81640625
8032,7625.87,406.1298828125
776,631.17896,144.821044921875
14507,12358.618,2148.3818359375
5335,5461.753,-126.7529296875
11312,13269.434,-1957.43359375
856,946.6975,-90.697509765625
1331,1663.0251,-332.025146484375
6462,6418.5376,43.46240234375
3016,2974.8706,41.12939453125
6787,6505.1416,281.8583984375
504,441.87866,62.121337890625
620,733.0935,-113.093505859375
3200,3252.7595,-52.759521484375
2867,3313.1755,-446.175537109375
1013,909.85815,103.141845703125
789,766.12524,22.874755859375
540,485.99976,54.000244140625
2442,2587.7583,-145.75830078125
11220,12310.327,-1090.3271484375
1021,963.03,57.969970703125
1758,1609.9612,148.038818359375
2583,2864.4,-281.39990234375
842,1033.8486,-191.8486328125
5299,5573.648,-274.64794921875
1847,1769.1699,77.830078125
18718,17224.588,1493.412109375
840,887.6775,-47.677490234375
1631,1580.9619,50.0380859375
730,750.63257,-20.632568359375
523,410.36987,112.630126953125
630,531.43945,98.560546875
2652,2659.7117,-7.711669921875
552,814.7173,-262.71728515625
4252,4760.342,-508.341796875
3063,3061.396,1.60400390625
628,753.44556,-125.445556640625
2026,2307.891,-281.89111328125
5690,5610.6963,79.3037109375
2001,2071.387,-70.386962890625
1053,1120.8069,-67.806884765625
3048,2515.2812,532.71875
2762,2764.2302,-2.230224609375
2288,2487.164,-199.1640625
4459,4770.9336,-311.93359375
3422,3254.0435,167.95654296875
2270,2414.6133,-144.61328125
425,498.7295,-73.7294921875
3345,3453.7192,-108.71923828125
3276,3316.9624,-40.96240234375
533,581.6636,-48.66357421875
4455,3742.3628,712.63720703125
6622,6739.114,-117.11376953125
1079,1132.2837,-53.28369140625
10760,9818.089,941.9111328125
2505,2461.5205,43.4794921875
1423,1391.1692,31.830810546875
1804,1881.4203,-77.4202880859375
2004,2172.7183,-168.71826171875
5111,5812.083,-701.0830078125
626,644.13257,-18.132568359375
5899,5971.795,-72.794921875
7094,7704.404,-610.40380859375
732,582.49927,149.500732421875
666,662.28613,3.7138671875
605,620.83374,-15.833740234375
1322,1030.4521,291.5478515625
6793,7545.3027,-752.302734375
755,941.7173,-186.71728515625
826,934.8601,-108.860107421875
550,613.7117,-63.711669921875
5546,5658.716,-112.7158203125
1919,1799.0386,119.96142578125
16842,17302.318,-460.318359375
3282,3393.6548,-111.65478515625
17036,17584.738,-548.73828125
645,692.1272,-47.127197265625
7027,7514.1675,-487.16748046875
8062,8570.338,-508.337890625
4558,4490.7715,67.228515625
1377,1376.1848,0.815185546875
4669,4642.5396,26.46044921875
16778,16447.129,330.87109375
780,920.20483,-140.204833984375
1180,1273.9553,-93.955322265625
1133,1075.9844,57.015625
1440,1563.7354,-123.7353515625
2324,2487.8958,-163.895751953125
6644,6913.549,-269.548828125
4234,4552.2583,-318.25830078125
9283,8458.096,824.904296875
3780,4683.676,-903.67578125
1229,1234.0825,-5.08251953125
645,672.9214,-27.92138671875
8852,7698.518,1153.48193359375
6613,6429.063,183.93701171875
3882,4513.841,-631.8408203125
942,1040.8042,-98.80419921875
995,1062.3723,-67.372314453125
7141,8735.693,-1594.693359375
3656,3689.9211,-33.921142578125
544,574.1929,-30.19287109375
552,560.4468,-8.44677734375
2414,2750.1704,-336.17041015625
670,694.8098,-24.809814453125
10331,10125.873,205.126953125
16437,15386.486,1050.513671875
924,964.97095,-40.970947265625
555,602.21265,-47.212646484375
772,843.82544,-71.825439453125
3054,3980.2776,-926.277587890625
605,505.65527,99.3447265625
8279,8549.514,-270.513671875
755,1013.7251,-258.72509765625
840,986.834,-146.833984375
1866,1835.6528,30.34716796875
5717,6780.9062,-1063.90625
6492,6580.3647,-88.36474609375
7409,6770.4033,638.5966796875
4167,3593.4436,573.556396484375
5882,5877.171,4.8291015625
5593,5136.628,456.3720703125
4845,5940.5493,-1095.54931640625
662,863.2512,-201.251220703125
989,1294.5962,-305.59619140625
6019,5980.1562,38.84375
6927,9148.393,-2221.392578125
9894,9388.029,505.970703125
4304,4364.3906,-60.390625
1266,1186.1162,79.8837890625
3338,3257.104,80.89599609375
1758,2571.25,-813.25
13442,15888.578,-2446.578125
5174,5092.381,81.619140625
4639,4496.041,142.958984375
2052,2213.3125,-161.3125
895,797.02783,97.97216796875
4234,4437.1504,-203.150390625
447,475.31372,-28.313720703125
758,1052.9966,-294.99658203125
4103,4223.2837,-120.28369140625
872,733.46606,138.533935546875
2085,1705.3267,379.67333984375
9965,10061.561,-96.560546875
16241,15375.996,865.00390625
2251,2317.996,-66.99609375
3391,2611.183,779.81689453125
2745,2775.832,-30.83203125
814,841.95264,-27.95263671875
5809,6583.1426,-774.142578125
1263,1326.804,-63.803955078125
4316,4513.229,-197.22900390625
1429,1452.468,-23.468017578125
514,540.3462,-26.34619140625
4232,3824.2344,407.765625
1842,1872.2881,-30.2880859375
5416,7439.432,-2023.43212890625
2110,2071.0945,38.905517578125
4652,4830.707,-178.70703125
2075,1990.2355,84.7645263671875
2056,1759.7937,296.206298828125
754,1023.4053,-269.4052734375
3308,3289.1685,18.83154296875
1052,913.47046,138.529541015625
684,630.7395,53.260498046875
4788,4715.789,72.2109375
722,879.58594,-157.5859375
1122,893.459,228.541015625
6644,6350.686,293.31396484375
12492,12755.351,-263.3505859375
4256,5142.331,-886.3310546875
709,605.3633,103.63671875
505,552.4758,-47.475830078125
467,321.48315,145.516845703125
6086,8480.622,-2394.6220703125
3499,3754.5312,-255.53125
706,828.4436,-122.443603515625
1778,1698.0864,79.91357421875
5412,5148.378,263.6220703125
1811,1524.4888,286.51123046875
4150,4090.883,59.116943359375
1378,1355.513,22.487060546875
4482,4649.01,-167.009765625
666,833.8618,-167.86181640625
4719,5088.8193,-369.8193359375
15097,15109.38,-12.3798828125
4823,4904.211,-81.2109375
10309,9982.46,326.5400390625
2350,2524.3872,-174.38720703125
2083,2026.1149,56.8851318359375
6955,6755.4727,199.52734375
5366,5172.026,193.97412109375
15851,16601.846,-750.845703125
844,721.4341,122.56591796875
2496,2430.512,65.488037109375
2107,2143.8877,-36.8876953125
1260,1160.8843,99.11572265625
6046,8246.026,-2200.0263671875
1316,1254.8779,61.1220703125
1351,1666.1614,-315.161376953125
12717,12601.575,115.4248046875
1428,1319.2344,108.765625
4637,4673.8555,-36.85546875
8836,11951.8125,-3115.8125
2252,2543.9768,-291.976806640625
818,831.42456,-13.424560546875
2753,3162.0564,-409.056396484375
3431,3062.2026,368.79736328125
8810,10185.285,-1375.28515625
6586,5991.17,594.830078125
1723,1833.6914,-110.69140625
2292,2309.6555,-17.655517578125
1578,1560.9631,17.036865234375
526,511.02734,14.97265625
7168,6383.96,784.0400390625
1166,1664.7808,-498.78076171875
5167,5042.066,124.93408203125
867,1014.96704,-147.967041015625
3528,3727.9285,-199.928466796875
9292,9944.672,-652.671875
597,739.17505,-142.175048828125
6777,6244.9536,532.04638671875
810,782.8396,27.160400390625
3146,2688.7866,457.21337890625
984,846.42065,137.579345703125
802,960.78784,-158.787841796875
1974,1914.38,59.6199951171875
709,610.5303,98.4697265625
3145,2681.7644,463.235595703125
579,702.3196,-123.319580078125
7277,7216.304,60.69580078125
4659,4558.7134,100.28662109375
1236,1210.1816,25.818359375
608,576.54785,31.4521484375
891,918.5847,-27.584716796875
10378,10149.499,228.5009765625
17492,17299.105,192.89453125
17197,16579.941,617.05859375
1299,1541.5002,-242.500244140625
854,732.6741,121.325927734375
16769,15598.241,1170.7587890625
1411,1667.9497,-256.94970703125
393,404.0996,-11.099609375
10359,9863.936,495.064453125
2255,2524.024,-269.02392578125
490,412.77856,77.221435546875
631,722.18335,-91.183349609375
11039,11512.321,-473.3212890625
13312,11006.155,2305.8447265625
3810,4158.606,-348.60595703125
1858,2163.8196,-305.819580078125
4617,4702.731,-85.73095703125
6837,7049.374,-212.3740234375
3448,3190.936,257.06396484375
842,945.2932,-103.293212890625
544,603.5757,-59.57568359375
16422,17052.783,-630.783203125
4249,4397.897,-148.89697265625
14022,15178.142,-1156.1416015625
7979,7813.593,165.4072265625
13786,16861.268,-3075.267578125
1807,2101.6104,-294.6103515625
6907,5626.2324,1280.767578125
1265,1587.0894,-322.08935546875
3795,3826.924,-31.924072265625
9901,10718.599,-817.5986328125
4501,4648.2773,-147.27734375
432,466.7129,-34.712890625
4493,4650.1714,-157.17138671875
3154,3496.6775,-342.677490234375
1205,1205.7654,-0.765380859375
7437,9600.243,-2163.2431640625
5491,5155.1445,335.85546875
2672,2897.5894,-225.58935546875
6804,6492.586,311.4140625
2192,1726.0103,465.98974609375
6443,6726.414,-283.4140625
6073,6487.499,-414.4990234375
4229,4082.229,146.77099609375
6036,6085.9287,-49.9287109375
5124,4828.5205,295.4794921875
1694,2040.8673,-346.8673095703125
5378,5051.6045,326.3955078125
3399,3550.4414,-151.44140625
2367,2466.0386,-99.03857421875
1052,992.927,59.072998046875
1024,885.4822,138.517822265625
9548,8971.15,576.849609375
698,670.25464,27.745361328125
3274,2979.338,294.662109375
12432,13368.732,-936.732421875
844,1075.1035,-231.103515625
2389,2491.8638,-102.86376953125
15043,14667.655,375.3447265625
9293,11177.353,-1884.3525390625
4821,5276.668,-455.66796875
2070,1885.6714,184.32861328125
413,531.53174,-118.53173828125
1436,1298.2959,137.7041015625
5290,5445.9395,-155.939453125
1080,974.29736,105.70263671875
772,927.71265,-155.712646484375
429,406.72437,22.275634765625
8577,8118.7627,458.2373046875
776,875.9712,-99.97119140625
505,542.22437,-37.224365234375
4325,4165.879,159.12109375
1656,1623.1094,32.890625
3215,3610.215,-395.215087890625
1971,1779.3398,191.66015625
1809,1669.4922,139.5078125
6339,6331.2764,7.7236328125
2801,3746.1824,-945.182373046875
1629,1475.6626,153.33740234375
12195,13151.37,-956.3701171875
698,554.66846,143.33154296875
4931,7567.532,-2636.5322265625
706,823.2444,-117.244384765625
2053,2048.809,4.19091796875
679,613.4519,65.548095703125
692,786.385,-94.385009765625
4099,4105.86,-6.85986328125
4552,5659.511,-1107.51123046875
912,1002.0342,-90.0341796875
9793,12889.421,-3096.4208984375
4171,3905.704,265.2958984375
811,861.2866,-50.28662109375
1310,1162.7429,147.257080078125
689,818.239,-129.239013671875
774,983.05225,-209.05224609375
5051,5285.4595,-234.45947265625
1450,1472.4824,-22.482421875
727,970.9592,-243.959228515625
1018,1071.4924,-53.492431640625
6479,7520.1074,-1041.107421875
873,1006.3386,-133.338623046875
1095,1132.03,-37.030029296875
9343,8951.561,391.439453125
2699,2395.1597,303.84033203125
2424,2095.4307,328.5693359375
834,962.1948,-128.19482421875
3154,3272.8516,-118.8515625
6936,7431.548,-495.5478515625
552,473.10278,78.897216796875
749,542.0896,206.910400390625
770,714.52856,55.471435546875
824,803.8279,20.172119140625
5316,5055.9927,260.00732421875
799,783.2212,15.77880859375
487,492.8086,-5.80859375
492,581.72144,-89.721435546875
2921,3203.8223,-282.822265625
929,949.6721,-20.672119140625
393,610.4258,-217.42578125
1998,2094.845,-96.844970703125
3429,3484.1016,-55.1015625
15164,15244.4,-80.400390625
1657,2190.5508,-533.55078125
833,809.8904,23.109619140625
2531,2588.5894,-57.58935546875
18528,18024.535,503.46484375
6468,6030.593,437.4072265625
4871,5571.83,-700.830078125
596,615.7268,-19.726806640625
4232,4412.8955,-180.8955078125
3998,3890.9534,107.046630859375
5724,5666.3994,57.6005859375
4879,4540.98,338.02001953125
15316,14872.971,443.029296875
2657,2376.9907,280.00927734375
2167,2206.591,-39.591064453125
972,796.4702,175.52978515625
616,697.69775,-81.69775390625
3241,3309.1716,-68.171630859375
1103,1211.5886,-108.588623046875
10919,11847.72,-928.7197265625
15941,15275.089,665.9111328125
5543,5800.8237,-257.82373046875
1154,1135.2664,18.733642578125
7338,8663.527,-1325.52734375
1847,1788.4475,58.552490234375
4291,4477.9287,-186.9287109375
581,563.6443,17.355712890625
4310,4779.706,-469.7060546875
1778,1909.4368,-131.436767578125
1927,2016.5306,-89.5306396484375
16931,16196.941,734.05859375
14247,14854.036,-607.0361328125
895,897.4326,-2.4326171875
7580,7473.9004,106.099609375
4591,4908.9326,-317.9326171875
524,431.35254,92.6474609375
9821,11626.146,-1805.146484375
625,734.843,-109.843017578125
5865,5928.8535,-63.853515625
4455,5009.403,-554.40283203125
5521,5209.2295,311.7705078125
4002,3826.546,175.4541015625
4969,4895.1064,73.8935546875
10963,12656.81,-1693.8095703125
8415,8714.683,-299.6826171875
13165,13776.009,-611.0087890625
827,910.96313,-83.963134765625
5860,5709.5664,150.43359375
829,894.71265,-65.712646484375
552,463.8772,88.122802734375
16062,15777.418,284.58203125
4752,5395.8613,-643.861328125
1175,1202.7937,-27.793701171875
1055,1593.6504,-538.650390625
625,515.1177,109.88232421875
3118,3268.34,-150.340087890625
819,756.9663,62.03369140625
6449,6372.88,76.1201171875
827,919.16406,-92.1640625
2238,2322.0923,-84.09228515625
1737,1502.9172,234.082763671875
4191,4592.614,-401.61376953125
3926,4024.163,-98.1630859375
4530,4953.1504,-423.150390625
515,353.11475,161.88525390625
11855,11761.879,93.12109375
3032,3472.0693,-440.0693359375
1987,1859.6106,127.389404296875
4649,5001.824,-352.82421875
756,976.13525,-220.13525390625
14666,14528.327,137.6728515625
11605,11805.639,-200.638671875
4013,4461.199,-448.19921875
5805,5492.8657,312.13427734375
658,625.36816,32.6318359375
1221,1145.822,75.177978515625
15690,17449.258,-1759.2578125
7473,8152.2,-679.2001953125
850,889.93506,-39.93505859375
1268,1178.6941,89.305908203125
4340,4943.2944,-603.29443359375
1799,2130.0935,-331.093505859375
1815,1747.169,67.8310546875
8266,7326.6777,939.322265625
8257,7609.824,647.17578125
14294,12603.26,1690.740234375
936,751.71265,184.287353515625
4955,5442.413,-487.4130859375
911,903.60156,7.3984375
816,888.47925,-72.479248046875
526,528.82715,-2.8271484375
1580,1283.1562,296.84375
706,820.23364,-114.233642578125
3098,3862.2961,-764.296142578125
3941,4038.6929,-97.69287109375
4959,5130.7666,-171.7666015625
1806,2478.4194,-672.41943359375
814,869.9844,-55.984375
11077,10508.052,568.9482421875
15109,13941.6455,1167.3544921875
5116,5104.056,11.94384765625
2569,2457.5903,111.40966796875
8401,9411.515,-1010.5146484375
1326,1356.1814,-30.181396484375
16985,15908.031,1076.96875
1646,1611.2854,34.714599609375
1451,1564.55,-113.550048828125
707,754.43994,-47.43994140625
544,653.19946,-109.199462890625
2203,2070.4146,132.58544921875
7240,6511.4795,728.5205078125
8949,10218.91,-1269.91015625
1561,1598.2222,-37.22216796875
3584,3652.8093,-68.809326171875
5589,4954.6865,634.3134765625
6169,6561.81,-392.81005859375
3125,3201.6636,-76.66357421875
3035,3001.7285,33.271484375
770,679.98706,90.012939453125
828,908.52246,-80.5224609375
596,641.0447,-45.044677734375
1583,1566.1643,16.835693359375
5227,4515.2007,711.79931640625
1892,1925.8209,-33.8209228515625
2239,2352.0403,-113.040283203125
1871,2056.4727,-185.47265625
5281,4574.5757,706.42431640625
462,518.1714,-56.17138671875
500,465.28174,34.71826171875
6261,5957.396,303.60400390625
5260,5353.623,-93.623046875
3390,3786.2983,-396.29833984375
3247,3043.0837,203.916259765625
624,628.4175,-4.41748046875
2352,2503.563,-151.56298828125
3036,3179.8735,-143.87353515625
642,608.3301,33.669921875
2318,2556.938,-238.93798828125
8044,8400.982,-356.982421875
3450,4615.6494,-1165.6494140625
10396,10736.045,-340.044921875
2400,2734.07,-334.070068359375
4412,3953.3691,458.630859375
2282,2626.8755,-344.87548828125
705,775.95654,-70.95654296875
3114,3300.2393,-186.2392578125
6336,5711.0386,624.96142578125
575,525.08887,49.9111328125
4921,4804.6924,116.3076171875
17663,16467.19,1195.810546875
3812,3962.3782,-150.378173828125
5337,5042.4375,294.5625
2423,2324.4546,98.54541015625
11781,11345.329,435.6708984375
588,838.4109,-250.410888671875
4101,3918.1345,182.865478515625
6903,6244.855,658.14501953125
732,694.8618,37.13818359375
3916,4373.017,-457.01708984375
491,614.13184,-123.1318359375
608,582.52,25.47998046875
4515,4930.876,-415.8759765625
684,647.0198,36.980224609375
756,642.4839,113.51611328125
6169,5940.1514,228.8486328125
1312,1070.762,241.238037109375
3097,3260.548,-163.548095703125
814,826.16504,-12.1650390625
11988,14041.951,-2053.951171875
4845,4929.4014,-84.4013671875
2246,2618.2485,-372.24853515625
816,922.5388,-106.538818359375
589,718.23486,-129.23486328125
7356,7709.927,-353.9267578125
3116,3945.7053,-829.705322265625
4102,4615.3257,-513.32568359375
1424,1579.564,-155.56396484375
3991,4316.8135,-325.8134765625
761,964.2185,-203.218505859375
576,500.31982,75.68017578125
2066,2025.0347,40.96533203125
3774,3421.0479,352.9521484375
2134,2244.494,-110.493896484375
7403,7744.6816,-341.681640625
13768,12069.035,1698.96484375
1205,1248.5596,-43.5595703125
658,666.4009,-8.40087890625
506,419.87817,86.121826171875
9050,8951.607,98.392578125
2949,3068.1797,-119.1796875
2730,3831.166,-1101.166015625
1552,1729.5144,-177.514404296875
3758,3931.7068,-173.706787109375
1956,1840.4424,115.5576171875
1114,849.0471,264.952880859375
2218,1905.4384,312.5616455078125
1024,1127.0698,-103.06982421875
4142,4065.0845,76.91552734375
1626,1225.346,400.654052734375
14683,13941.223,741.77734375
15091,16489.459,-1398.458984375
4274,4588.159,-314.1591796875
816,826.0476,-10.047607421875
5163,5053.7275,109.2724609375
5831,6548.605,-717.60498046875
680,670.03955,9.96044921875
4400,4099.1943,300.8056640625
7826,8890.334,-1064.333984375
1600,1526.0574,73.942626953125
9912,10298.453,-386.453125
4476,4952.6143,-476.6142578125
1019,1404.4248,-385.4248046875
1053,1184.5947,-131.5947265625
1773,2095.488,-322.488037109375
3920,4253.679,-333.67919921875
773,887.8491,-114.84912109375
1814,1944.7157,-130.7156982421875
716,888.01807,-172.01806640625
6290,6473.7197,-183.7197265625
9254,9772.402,-518.40234375
5480,5334.0444,145.95556640625
2926,3029.6216,-103.62158203125
2725,3162.8564,-437.8564453125
6080,5853.7114,226.28857421875
2397,2186.485,210.514892578125
9549,9726.87,-177.8701171875
1041,831.5654,209.4345703125
957,1167.8315,-210.83154296875
4609,4462.9365,146.0634765625
10221,9871.731,349.2685546875
1662,1615.4282,46.57177734375
4312,4679.4644,-367.46435546875
5324,4690.241,633.7587890625
1593,1486.2751,106.724853515625
2066,2027.9894,38.0106201171875
12717,14931.33,-2214.330078125
4989,3963.1057,1025.894287109375
681,811.4756,-130.4755859375
670,685.3938,-15.393798828125
1942,2234.6396,-292.6396484375
721,852.0344,-131.034423828125
17476,18626.652,-1150.65234375
12906,11443.409,1462.5908203125
1002,843.2434,158.756591796875
3820,4001.544,-181.5439453125
3172,2936.9937,235.00634765625
706,966.6731,-260.673095703125
489,518.26904,-29.26904296875
1694,1760.4448,-66.44482421875
2111,1813.3726,297.62744140625
1772,1837.7517,-65.751708984375
18055,15082.238,2972.76171875
2007,2157.5054,-150.50537109375
1289,1464.8379,-175.837890625
14375,12706.225,1668.775390625
4652,4677.545,-25.544921875
2671,2722.502,-51.501953125
1013,778.1836,234.81640625
3136,3432.5676,-296.567626953125
907,861.68555,45.314453125
4523,4667.0576,-144.0576171875
4385,4140.6353,244.36474609375
4704,5452.299,-748.298828125
544,546.949,-2.948974609375
2473,2249.6016,223.3984375
9525,10466.584,-941.583984375
9659,12363.299,-2704.298828125
6673,6495.881,177.119140625
10412,11941.162,-1529.162109375
2201,2455.597,-254.596923828125
434,324.22852,109.771484375
3363,3273.624,89.3759765625
9207,9177.006,29.994140625
4045,3907.387,137.613037109375
864,866.1741,-2.174072265625
3013,3065.3674,-52.367431640625
3275,4379.787,-1104.787109375
2789,2851.3442,-62.34423828125
789,873.3269,-84.326904296875
2848,2633.0183,214.981689453125
7577,9915.464,-2338.4638671875
765,655.80493,109.195068359375
7559,9765.642,-2206.6416015625
4764,4962.959,-198.958984375
1699,1832.4341,-133.43408203125
7149,8217.053,-1068.052734375
5783,5487.9272,295.07275390625
11062,11037.002,24.998046875
2143,1947.9022,195.0977783203125
473,536.45874,-63.458740234375
13598,15928.58,-2330.580078125
12607,12925.739,-318.7392578125
2965,2479.3818,485.6181640625
12545,11866.59,678.41015625
16037,20579.729,-4542.728515625
14184,14303.916,-119.916015625
4659,4575.257,83.7431640625
1822,1808.9414,13.05859375
2129,2443.3062,-314.30615234375
5171,4885.4077,285.59228515625
2602,2800.5938,-198.59375
689,640.2827,48.71728515625
7187,7593.216,-406.2158203125
942,772.5759,169.424072265625
2519,2616.8457,-97.845703125
677,765.5364,-88.536376953125
2192,2006.2317,185.768310546875
645,719.32446,-74.324462890625
1580,1698.2068,-118.206787109375
4072,4006.7751,65.224853515625
1805,1884.0249,-79.02490234375
5586,6087.2734,-501.2734375
4919,4102.91,816.08984375
620,740.968,-120.968017578125
1162,1102.8613,59.138671875
18239,17049.06,1189.939453125
473,489.6411,-16.64111328125
1438,1473.793,-35.79296875
4255,4325.11,-70.10986328125
9296,9175.853,120.1474609375
791,759.4878,31.51220703125
1071,1410.4473,-339.447265625
17256,16904.42,351.580078125
4516,5053.182,-537.18212890625
3091,3361.5757,-270.57568359375
2111,2213.954,-102.9541015625
9013,9455.806,-442.8056640625
14957,14996.04,-39.0400390625
14361,13429.796,931.2041015625
4788,5091.167,-303.1669921875
17712,18013.682,-301.681640625
7468,9293.478,-1825.4775390625
619,696.6167,-77.61669921875
781,795.44165,-14.441650390625
2833,3178.8232,-345.8232421875
2680,2888.6333,-208.63330078125
2264,2325.0054,-61.00537109375
456,507.39575,-51.395751953125
391,459.24487,-68.244873046875
1097,1070.6626,26.33740234375
847,932.8567,-85.856689453125
6397,6241.742,155.2578125
2826,2971.7505,-145.75048828125
2167,2733.7566,-566.756591796875
4265,3236.008,1028.991943359375
5291,6047.0596,-756.0595703125
6423,6863.784,-440.7841796875
5826,6116.3486,-290.3486328125
900,824.99194,75.008056640625
8977,8916.891,60.109375
3678,3670.7437,7.25634765625
9744,10002.408,-258.408203125
756,613.26953,142.73046875
2840,4587.221,-1747.22119140625
4327,4085.157,241.843017578125
6831,7484.9897,-653.98974609375
800,941.9524,-141.952392578125
2882,2780.8223,101.177734375
434,500.96265,-66.962646484375
3445,3719.6123,-274.6123046875
1966,1691.2727,274.727294921875
1875,1870.9768,4.023193359375
1566,1623.625,-57.625
2723,2626.754,96.24609375
2822,2881.9866,-59.986572265625
489,365.2246,123.775390625
4206,3893.5017,312.498291015625
3959,4038.0757,-79.07568359375
9100,8960.7295,139.2705078125
3026,3022.1113,3.888671875
5587,5324.243,262.7568359375
707,736.20996,-29.2099609375
608,412.6765,195.323486328125
4588,5015.6787,-427.6787109375
4480,4099.212,380.7880859375
1775,1980.4443,-205.4443359375
776,707.63403,68.365966796875
2042,2141.7224,-99.722412109375
625,794.7883,-169.788330078125
533,638.1489,-105.14892578125
863,947.47925,-84.479248046875
1282,1555.8943,-273.894287109375
3057,2848.079,208.9208984375
7250,7404.2383,-154.23828125
505,532.89966,-27.899658203125
14724,13335.32,1388.6796875
1343,1289.7087,53.291259765625
8994,10259.008,-1265.0078125
2019,1931.4752,87.5247802734375
13254,13851.382,-597.3818359375
530,503.28784,26.712158203125
475,552.70264,-77.70263671875
10497,10932.791,-435.791015625
17582,17798.943,-216.943359375
8739,8026.667,712.3330078125
959,915.905,43.094970703125
3612,4407.4634,-795.46337890625
666,806.17944,-140.179443359375
833,923.80396,-90.803955078125
13010,14505.631,-1495.630859375
612,642.6467,-30.646728515625
6132,6042.806,89.19384765625
7441,6997.612,443.38818359375
537,575.92017,-38.920166015625
1010,993.5559,16.444091796875
3192,3210.0657,-18.065673828125
886,936.4431,-50.443115234375
13061,12861.79,199.2099609375
18468,20300.152,-1832.15234375
764,792.2969,-28.296875
1181,1306.4634,-125.46337890625
3178,2981.908,196.092041015625
918,968.572,-50.572021484375
4284,4753.847,-469.84716796875
1340,1413.0718,-73.07177734375
11113,11574.026,-461.0263671875
1944,1331.1558,612.84423828125
837,880.1216,-43.12158203125
1651,1797.8945,-146.89453125
1928,1955.0128,-27.0128173828125
2511,2712.789,-201.7890625
5351,5006.4243,344.57568359375
6926,7511.9287,-585.9287109375
612,555.2344,56.765625
1548,1639.418,-91.41796875
1385,1339.135,45.864990234375
11368,12436.069,-1068.0693359375
13049,12201.665,847.3349609375
1123,1205.9517,-82.95166015625
15897,16770.48,-873.48046875
1286,1411.676,-125.676025390625
7724,7140.5796,583.42041015625
531,559.9038,-28.90380859375
5436,5775.483,-339.48291015625
6001,5842.3486,158.6513671875
2394,2318.8628,75.13720703125
5710,5240.921,469.0791015625
4851,4820.5005,30.49951171875
5236,5504.7686,-268.7685546875
8688,8853.37,-165.3701171875
1226,1171.8127,54.187255859375
1323,1267.6836,55.31640625
2905,2540.092,364.907958984375
1170,1149.406,20.593994140625
1172,1167.3826,4.617431640625
5599,5901.0615,-302.0615234375
1619,1692.5884,-73.58837890625
695,507.79663,187.203369140625
1208,1318.7053,-110.705322265625
1436,1317.4941,118.505859375
914,892.3584,21.6416015625
9837,9418.731,418.2685546875
1845,1728.0425,116.95751953125
6962,6402.804,559.19580078125
6334,6550.0527,-216.052734375
14750,14572.648,177.3515625
453,445.3247,7.67529296875
1052,1027.719,24.281005859375
18026,17128.229,897.771484375
3872,4155.319,-283.31884765625
369,595.5305,-226.530517578125
3385,3232.7905,152.20947265625
3690,3312.2856,377.71435546875
2872,2778.1646,93.83544921875
1547,1775.7014,-228.701416015625
3640,4069.2927,-429.292724609375
727,869.8047,-142.8046875
1629,1511.0483,117.95166015625
974,1053.9834,-79.9833984375
992,1053.0713,-61.0712890625
723,943.5425,-220.54248046875
16052,14754.458,1297.5419921875
4564,4755.1377,-191.1376953125
1046,788.32935,257.670654296875
436,415.39673,20.603271484375
2271,2338.3755,-67.37548828125
1415,1348.5771,66.4228515625
8364,8909.679,-545.6787109375
4514,4991.874,-477.8740234375
542,725.7261,-183.72607421875
1272,1396.9812,-124.981201171875
753,736.9614,16.03857421875
666,792.67017,-126.670166015625
6087,6330.0347,-243.03466796875
2575,2675.0293,-100.029296875
498,475.7893,22.210693359375
3475,3009.315,465.68505859375
4778,4846.056,-68.05615234375
2098,2096.9617,1.038330078125
4704,5084.6367,-380.63671875
1116,934.22363,181.7763671875
13919,13063.382,855.6181640625
6353,6232.3945,120.60546875
872,715.06665,156.933349609375
4118,4006.0842,111.915771484375
569,661.4082,-92.408203125
764,797.5596,-33.5595703125
941,853.3838,87.6162109375
4485,5001.8555,-516.85546875
3537,3851.096,-314.095947265625
3750,4190.089,-440.0888671875
12185,12247.683,-62.6826171875
844,685.75024,158.249755859375
1030,940.82227,89.177734375
943,1129.8069,-186.806884765625
513,481.56396,31.43603515625
2365,2394.6882,-29.688232421875
833,921.05005,-88.050048828125
1926,2241.7546,-315.754638671875
2509,2615.6343,-106.63427734375
3739,4535.36,-796.35986328125
855,845.82324,9.1767578125
741,825.2068,-84.206787109375
2590,2832.1606,-242.16064453125
2585,2974.777,-389.777099609375
2688,2830.5054,-142.50537109375
3965,5093.801,-1128.80078125
5504,5245.721,258.27880859375
13320,17411.871,-4091.87109375
3696,3653.0894,42.91064453125
4586,4507.458,78.5419921875
14234,13096.566,1137.43359375
4921,4304.492,616.5078125
1226,1210.3088,15.691162109375
3993,3880.5745,112.425537109375
2835,2953.8872,-118.88720703125
844,688.5115,155.488525390625
2346,2528.6775,-182.677490234375
3808,4006.847,-198.846923828125
3087,3729.9175,-642.91748046875
2055,2291.627,-236.626953125
897,929.6384,-32.638427734375
571,577.3198,-6.31982421875
2753,2902.315,-149.31494140625
4445,4609.6807,-164.6806640625
5543,6021.241,-478.2412109375
2375,2367.0605,7.939453125
4956,4750.318,205.68212890625
1026,891.3479,134.652099609375
950,885.0386,64.96142578125
8693,8992.209,-299.208984375
4516,4064.2102,451.789794921875
3682,4462.2974,-780.29736328125
647,726.6448,-79.644775390625
16601,15956.157,644.8427734375
4412,4134.5073,277.49267578125
4255,4213.3003,41.69970703125
1431,1673.8499,-242.849853515625
4209,4110.2915,98.70849609375
478,562.291,-84.291015625
2573,2908.779,-335.779052734375
6596,8581.487,-1985.4873046875
10016,8961.258,1054.7421875
12031,10308.872,1722.1279296875
1153,1134.5342,18.4658203125
4373,4836.14,-463.14013671875
1876,2112.6445,-236.64453125
3246,3241.0508,4.94921875
7691,8534.897,-843.8974609375
8709,8630.669,78.3310546875
657,784.0095,-127.009521484375
3152,3074.0913,77.90869140625
507,624.97314,-117.97314453125
677,841.6948,-164.69482421875
4784,5381.1895,-597.189453125
781,838.34766,-57.34765625
4150,4450.492,-300.4921875
1408,1551.303,-143.302978515625
6324,6728.2285,-404.228515625
5088,5236.0156,-148.015625
2756,2934.283,-178.282958984375
5488,5475.716,12.2841796875
911,722.5718,188.42822265625
4295,4662.331,-367.3310546875
504,533.02246,-29.0224609375
774,767.18066,6.8193359375
838,984.865,-146.864990234375
2913,2824.3022,88.69775390625
18625,19112.254,-487.25390625
3204,3973.9534,-769.953369140625
1968,3063.7058,-1095.705810546875
1132,1359.9814,-227.9814453125
4851,4631.9624,219.03759765625
3429,3729.011,-300.010986328125
8772,8325.636,446.3642578125
544,655.5703,-111.5703125
5864,5904.405,-40.40478515625
1114,933.5464,180.45361328125
449,564.9785,-115.978515625
4045,3895.1138,149.88623046875
2353,2515.1406,-162.140625
3942,3849.2844,92.715576171875
13370,16481.357,-3111.357421875
7589,8013.4053,-424.4052734375
668,710.06616,-42.066162109375
810,957.54614,-147.546142578125
936,739.6301,196.369873046875
473,601.12036,-128.120361328125
6126,6519.6475,-393.6474609375
5908,5976.6836,-68.68359375
1385,1199.9529,185.047119140625
7226,7114.8193,111.1806640625
2840,2401.542,438.4580078125
1721,1799.7983,-78.79833984375
4186,4986.828,-800.828125
876,818.9697,57.0302734375
766,877.12646,-111.12646484375
2642,3028.3867,-386.38671875
11019,10996.049,22.951171875
1792,2099.7085,-307.70849609375
1894,2219.5315,-325.531494140625
4538,4391.6655,146.33447265625
705,721.99634,-16.996337890625
7161,7391.4404,-230.4404296875
6709,5987.8394,721.16064453125
1837,1591.1252,245.874755859375
1279,1506.6782,-227.67822265625
4498,4834.7144,-336.71435546875
2781,2882.6235,-101.62353515625
2581,2708.8408,-127.8408203125
2214,2183.064,30.93603515625
11939,14707.379,-2768.37890625
2039,2193.9082,-154.908203125
1072,1235.3469,-163.346923828125
683,838.7964,-155.79638671875
10744,10282.935,461.0654296875
4646,5185.858,-539.85791015625
7215,7492.971,-277.97119140625
944,1008.5779,-64.577880859375
2713,2809.046,-96.0458984375
548,596.92505,-48.925048828125
878,771.8374,106.16259765625
2173,2378.833,-205.8330078125
1802,1815.7322,-13.732177734375
6416,6874.738,-458.73779296875
459,471.9629,-12.962890625
6660,6031.209,628.791015625
1981,2217.3008,-236.30078125
776,652.0747,123.92529296875
863,1041.2578,-178.2578125
6215,6203.075,11.9248046875
4199,4816.09,-617.08984375
1014,1052.1868,-38.186767578125
992,873.8489,118.151123046875
886,931.1814,-45.181396484375
3066,3028.737,37.262939453125
826,846.5947,-20.5947265625
17747,17838.514,-91.513671875
504,450.36768,53.63232421875
5665,6608.6206,-943.62060546875
9934,10936.2295,-1002.2294921875
557,634.0498,-77.0498046875
574,511.72388,62.276123046875
1940,2141.024,-201.02392578125
3548,3595.445,-47.445068359375
526,411.04565,114.954345703125
1286,1590.0493,-304.04931640625
2074,2581.9219,-507.921875
2538,2449.2979,88.7021484375
2896,2719.3306,176.66943359375
3219,3343.2397,-124.23974609375
6096,6167.6543,-71.654296875
4719,5242.164,-523.1640625
1875,2079.6838,-204.683837890625
1001,1608.8708,-607.870849609375
15301,15372.097,-71.0966796875
540,459.13477,80.865234375
583,729.2202,-146.22021484375
741,874.4407,-133.440673828125
13756,13086.647,669.3525390625
1295,1251.0574,43.942626953125
18276,17542.512,733.48828125
935,1058.1096,-123.109619140625
660,713.5647,-53.564697265625
7648,7317.4346,330.5654296875
1437,1415.6992,21.30078125
2840,2838.6372,1.36279296875
473,510.4602,-37.460205078125
737,811.5781,-74.578125
5804,6278.972,-474.97216796875
580,531.74097,48.259033203125
11333,11788.875,-455.875
6762,6403.174,358.826171875
1080,1624.0215,-544.021484375
2241,2379.5166,-138.5166015625
1345,1180.742,164.258056640625
645,814.0857,-169.085693359375
1169,1455.7859,-286.785888671875
907,714.0928,192.9072265625
3075,2707.6548,367.34521484375
1057,1106.3574,-49.357421875
7625,8161.42,-536.419921875
707,683.2251,23.77490234375
1875,1885.5375,-10.5374755859375
5505,6210.5625,-705.5625
11061,10150.746,910.25390625
4252,4622.6465,-370.646484375
1678,1743.8098,-65.809814453125
4152,4268.548,-116.5478515625
2426,2597.9766,-171.9765625
8008,7375.0693,632.9306640625
828,740.72876,87.271240234375
15164,14026.621,1137.37890625
645,669.083,-24.0830078125
16683,15703.556,979.4443359375
10914,11887.682,-973.681640625
553,596.1919,-43.19189453125
2498,2924.151,-426.15087890625
780,856.93066,-76.9306640625
949,1006.0381,-57.0380859375
596,700.50806,-104.508056640625
633,637.70874,-4.708740234375
2179,2791.757,-612.757080078125
2717,2696.751,20.2490234375
700,778.28076,-78.28076171875
5288,5779.6787,-491.6787109375
1846,1780.3704,65.629638671875
6308,6766.912,-458.912109375
530,419.927,110.072998046875
12613,12540.815,72.1845703125
8113,8272.252,-159.251953125
1110,833.9226,276.077392578125
1076,1075.8479,0.152099609375
6589,6174.2266,414.7734375
5258,5058.9253,199.07470703125
1013,791.5366,221.46337890625
540,489.3015,50.698486328125
906,832.9487,73.05126953125
1654,1940.9421,-286.942138671875
5988,5265.155,722.84521484375
3752,3670.2812,81.71875
8562,8179.4473,382.552734375
15984,16463.703,-479.703125
8556,8449.794,106.2060546875
2398,2577.3413,-179.34130859375
8795,8335.948,459.0517578125
1955,2146.393,-191.39306640625
1340,1451.0789,-111.078857421875
7388,6748.912,639.087890625
813,1081.4731,-268.47314453125
7582,7789.827,-207.8271484375
984,1136.5752,-152.5751953125
3105,3343.1575,-238.157470703125
1928,1724.2637,203.736328125
9354,8478.051,875.94921875
3169,3199.524,-30.52392578125
4630,6226.944,-1596.94384765625
4210,4217.567,-7.56689453125
3496,3949.6926,-453.692626953125
924,987.4597,-63.459716796875
4244,4415.4834,-171.4833984375
984,847.27466,136.725341796875
1647,1807.029,-160.029052734375
3246,4075.7944,-829.79443359375
1397,1331.3958,65.604248046875
3437,3374.452,62.548095703125
4588,5029.219,-441.21923828125
2657,2322.753,334.2470703125
743,648.864,94.135986328125
1166,988.2466,177.75341796875
5107,6403.7803,-1296.7802734375
871,957.3047,-86.3046875
18020,18380.969,-360.96875
1786,1765.8167,20.183349609375
14597,14548.555,48.4453125
773,698.86255,74.137451171875
956,971.38745,-15.387451171875
523,512.4375,10.5625
18594,19248.889,-654.888671875
18462,16052.77,2409.23046875
1778,1671.2056,106.79443359375
734,754.0242,-20.024169921875
2680,2928.439,-248.43896484375
706,791.91626,-85.916259765625
1310,1461.5474,-151.54736328125
678,700.22754,-22.2275390625
9833,9885.162,-52.162109375
4838,4969.0806,-131.08056640625
7573,6909.4414,663.55859375
709,643.7578,65.2421875
4656,4350.7773,305.22265625
1814,1809.7261,4.27392578125
12231,13679.3125,-1448.3125
1018,888.17944,129.820556640625
18531,17654.434,876.56640625
710,697.7788,12.22119140625
18394,17292.13,1101.869140625
4223,5176.934,-953.93408203125
4749,4654.071,94.92919921875
3929,4002.2444,-73.244384765625
13846,15001.743,-1155.7431640625
3391,3726.1821,-335.18212890625
13724,12066.897,1657.1025390625
879,974.655,-95.655029296875
1241,1505.1492,-264.149169921875
4795,4133.974,661.02587890625
3482,3369.5781,112.421875
2484,2503.0793,-19.079345703125
10967,10868.974,98.0263671875
648,602.8379,45.162109375
11175,11581.59,-406.58984375
5474,4850.6504,623.349609375
530,608.1301,-78.130126953125
3304,4963.6934,-1659.693359375
15832,14163.556,1668.4443359375
5544,5847.502,-303.501953125
1600,1613.7783,-13.7783203125
15941,15164.509,776.4912109375
583,488.37573,94.624267578125
1865,1650.1775,214.822509765625
9794,14085.419,-4291.4189453125
851,1009.41895,-158.4189453125
859,864.8025,-5.802490234375
3323,3183.8064,139.193603515625
7189,7405.7314,-216.7314453125
4007,4273.8545,-266.8544921875
6936,7314.005,-378.0048828125
540,540.5469,-0.546875
2590,2193.7336,396.266357421875
2194,2215.657,-21.656982421875
4288,3689.8086,598.19140625
2207,2511.3164,-304.31640625
17247,15999.287,1247.712890625
6773,6198.5693,574.4306640625
749,733.09717,15.90283203125
1669,1637.7522,31.247802734375
1212,1576.3127,-364.312744140625
2743,1926.8221,816.1778564453125
8706,9354.395,-648.39453125
524,552.23267,-28.232666015625
581,706.9636,-125.963623046875
4340,5513.117,-1173.1171875
802,687.94556,114.054443359375
5163,5946.1973,-783.197265625
1662,1711.8721,-49.8720703125
2129,2104.9375,24.0625
625,638.76855,-13.7685546875
626,620.11597,5.884033203125
11230,11544.318,-314.318359375
4932,4833.736,98.26416015625
6139,6414.048,-275.0478515625
833,1060.1582,-227.158203125
4196,3795.71,400.2900390625
5572,5568.7524,3.24755859375
2509,2666.6196,-157.61962890625
3620,3755.6614,-135.661376953125
1595,1638.0005,-43.00048828125
2263,2528.2207,-265.220703125
1030,1145.7244,-115.724365234375
853,913.0469,-60.046875
3557,3564.9543,-7.954345703125
1253,1231.883,21.116943359375
4617,4654.9653,-37.96533203125
6606,6539.287,66.712890625
2548,2641.646,-93.64599609375
3324,3364.5654,-40.5654296875
3704,3403.5103,300.48974609375
6659,6430.67,228.330078125
3613,3303.85,309.14990234375
2680,2924.8442,-244.84423828125
719,731.0393,-12.039306640625
2648,2795.5996,-147.599609375
5633,6309.459,-676.458984375
1819,1973.6378,-154.6378173828125
3541,3450.626,90.3740234375
3127,2805.0923,321.90771484375
776,660.17114,115.828857421875
4460,4792.6147,-332.61474609375
1033,866.39136,166.608642578125
1919,1792.3508,126.649169921875
5387,8228.824,-2841.82421875
548,615.46924,-67.46923828125
2949,2952.1628,-3.162841796875
732,676.4087,55.59130859375
4209,3977.342,231.657958984375
2222,2812.1592,-590.1591796875
4751,5324.853,-573.85302734375
844,650.29736,193.70263671875
5413,5184.4395,228.560546875
660,692.8811,-32.881103515625
4794,4511.2495,282.75048828125
9843,10170.477,-327.4765625
1903,1969.4366,-66.4366455078125
1781,1587.1677,193.832275390625
710,723.01807,-13.01806640625
579,661.3545,-82.3544921875
2574,2557.9817,16.018310546875
752,703.1609,48.839111328125
2633,3075.4033,-442.4033203125
4446,4539.4805,-93.48046875
544,399.62817,144.371826171875
10098,9940.36,157.6396484375
703,743.61816,-40.6181640625
765,688.61646,76.383544921875
3859,4135.7334,-276.7333984375
6504,6056.2676,447.732421875
802,704.4219,97.578125
928,805.18066,122.8193359375
972,792.4668,179.533203125
1105,1118.7539,-13.75390625
2877,2730.517,146.48291015625
781,793.75146,-12.75146484375
5063,5733.849,-670.84912109375
2843,3188.5852,-345.585205078125
1429,1529.5078,-100.5078125
1882,1708.3765,173.62353515625
16593,16825.887,-232.88671875
654,932.8718,-278.871826171875
528,722.67944,-194.679443359375
11205,12906.295,-1701.294921875
12375,13705.672,-1330.671875
844,680.8013,163.19873046875
610,633.74976,-23.749755859375
7371,7451.3223,-80.322265625
3206,3515.6812,-309.68115234375
3921,3959.1243,-38.124267578125
16384,17409.861,-1025.861328125
8377,8318.394,58.6064453125
826,1014.32446,-188.324462890625
1367,1719.3813,-352.38134765625
641,641.2908,-0.290771484375
2586,2480.9573,105.042724609375
2313,2312.6711,0.328857421875
5210,5420.4604,-210.46044921875
15394,17667.258,-2273.2578125
684,846.5222,-162.522216796875
2773,2997.023,-224.02294921875
11341,13128.183,-1787.1826171875
6389,6054.879,334.12109375
1831,2155.9229,-324.9228515625
5122,5815.5376,-693.53759765625
505,562.5371,-57.537109375
8645,8338.039,306.9609375
12119,15536.538,-3417.5380859375
579,672.81665,-93.816650390625
3230,3044.8652,185.134765625
1087,937.98755,149.012451171875
762,871.10913,-109.109130859375
1958,1916.6667,41.333251953125
3670,5115.023,-1445.02294921875
675,498.6023,176.397705078125
9698,10409.176,-711.17578125
3242,2863.857,378.14306640625
647,738.39307,-91.39306640625
725,869.26074,-144.2607421875
2287,2322.4731,-35.47314453125
4452,4157.2134,294.78662109375
2855,3625.322,-770.322021484375
4666,5462.2036,-796.20361328125
2801,2798.8271,2.1728515625
617,661.1023,-44.102294921875
1569,1673.1426,-104.142578125
1395,1016.66016,378.33984375
3646,3991.6138,-345.61376953125
7222,7636.0244,-414.0244140625
1577,1525.6816,51.318359375
1807,1779.1045,27.8955078125
4823,5070.2046,-247.20458984375
2792,2916.055,-124.054931640625
1646,1561.7524,84.24755859375
876,873.15894,2.841064453125
3081,3146.7441,-65.744140625
591,654.624,-63.6240234375
5393,6049.218,-656.2177734375
621,751.4668,-130.466796875
675,601.39355,73.6064453125
4375,3841.2195,533.780517578125
6899,6213.961,685.0390625
625,631.9094,-6.909423828125
632,746.7466,-114.74658203125
4490,4454.1265,35.87353515625
984,1038.1692,-54.169189453125
4853,5182.6333,-329.63330078125
1745,1885.5199,-140.5198974609375
2891,2967.0547,-76.0546875
600,431.74756,168.25244140625
5412,5501.036,-89.0361328125
3030,3123.2812,-93.28125
1115,1090.3372,24.662841796875
3159,3690.7825,-531.782470703125
868,924.6006,-56.6005859375
9319,9588.572,-269.572265625
4480,5164.161,-684.1611328125
1083,1064.696,18.303955078125
863,991.36475,-128.36474609375
10703,11264.622,-561.6220703125
2825,2838.27,-13.27001953125
10725,11217.143,-492.142578125
1624,1507.3357,116.664306640625
7074,7528.6777,-454.677734375
1662,1540.6199,121.380126953125
4129,4420.056,-291.05615234375
2352,2376.1003,-24.100341796875
4210,4315.5894,-105.58935546875
3577,3525.6555,51.344482421875
930,701.6709,228.3291015625
11217,10924.809,292.19140625
16049,14471.753,1577.2470703125
2671,3084.0867,-413.086669921875
6494,4912.779,1581.22119140625
4014,4079.6067,-65.606689453125
918,972.62256,-54.62255859375
1408,1760.7905,-352.79052734375
10497,10359.967,137.033203125
9282,8697.494,584.505859375
4390,4142.0063,247.99365234375
5208,5209.372,-1.3720703125
5373,5780.1875,-407.1875
4838,4707.243,130.7568359375
5040,5694.9326,-654.9326171875
363,340.40063,22.599365234375
565,560.3191,4.680908203125
11129,10942.839,186.1611328125
1882,1798.5837,83.416259765625
1757,2146.0112,-389.01123046875
5096,4994.513,101.48681640625
4715,4736.017,-21.01708984375
807,804.5144,2.485595703125
7140,8013.5723,-873.572265625
15819,15239.99,579.009765625
894,919.4219,-25.421875
13736,12626.454,1109.5458984375
3503,3277.6729,225.3271484375
7589,7858.435,-269.43505859375
12308,11418.663,889.3369140625
11226,14740.371,-3514.37109375
1005,1124.9595,-119.95947265625
2171,2649.4956,-478.49560546875
977,1010.1299,-33.1298828125
8347,8227.112,119.8876953125
743,562.8618,180.13818359375
2103,2216.434,-113.43408203125
1777,2454.67,-677.669921875
6666,6446.2695,219.73046875
717,878.20703,-161.20703125
1622,1795.3174,-173.3173828125
2529,2737.5986,-208.5986328125
7729,7511.839,217.1611328125
10043,14381.121,-4338.12109375
4588,4705.196,-117.19580078125
8366,7881.885,484.115234375
666,710.761,-44.760986328125
599,843.7593,-244.75927734375
6088,6390.9463,-302.9462890625
1116,1174.6897,-58.689697265625
2401,2576.767,-175.76708984375
9433,11515.032,-2082.0322265625
745,797.2273,-52.227294921875
2377,2545.3435,-168.343505859375
864,879.5127,-15.5126953125
3265,3770.3994,-505.3994140625
7553,7103.3604,449.6396484375
1279,1138.7632,140.23681640625
9530,11313.289,-1783.2890625
1295,1246.7205,48.279541015625
1559,1564.5256,-5.525634765625
3492,3267.9832,224.016845703125
872,716.1902,155.809814453125
1408,1220.2317,187.768310546875
1721,1802.709,-81.708984375
1323,1218.0789,104.921142578125
1039,1009.39307,29.60693359375
6971,11986.304,-5015.3037109375
6627,6932.4727,-305.47265625
1319,1565.8367,-246.836669921875
11703,11451.638,251.3623046875
3763,4732.706,-969.7060546875
1440,1456.4941,-16.494140625
1125,968.73096,156.26904296875
3812,3825.8564,-13.8564453125
5684,5069.7944,614.20556640625
12146,11789.493,356.5068359375
4182,4136.771,45.22900390625
6588,7629.45,-1041.4501953125
1187,1258.7554,-71.75537109375
5249,5226.6533,22.3466796875
802,809.15894,-7.158935546875
6424,6235.284,188.7158203125
765,654.71606,110.283935546875
1769,2111.393,-342.39306640625
18405,18762.7,-357.69921875
2990,3630.0906,-640.090576171875
1963,2037.2583,-74.25830078125
2403,2328.1772,74.82275390625
10836,13460.188,-2624.1884765625
717,871.7761,-154.776123046875
1406,1295.3787,110.621337890625
776,711.4048,64.59521484375
410,449.4856,-39.485595703125
4045,3976.0427,68.957275390625
2239,2451.8228,-212.82275390625
1956,1835.4465,120.553466796875
737,787.1655,-50.16552734375
6046,6123.4683,-77.46826171875
459,508.55762,-49.5576171875
7589,7592.3955,-3.3955078125
666,831.6741,-165.674072265625
845,1064.0989,-219.098876953125
573,624.5242,-51.524169921875
4403,4176.3345,226.66552734375
984,875.09595,108.904052734375
10907,11678.487,-771.4873046875
3424,4152.0283,-728.0283203125
833,752.6111,80.388916015625
706,771.229,-65.22900390625
2398,2626.232,-228.23193359375
1056,971.1709,84.8291015625
1294,1212.0642,81.935791015625
14654,17988.37,-3334.369140625
1637,1603.9556,33.04443359375
407,470.6831,-63.68310546875
3780,5098.4785,-1318.478515625
628,499.31396,128.68603515625
2896,3207.317,-311.31689453125
12179,12361.239,-182.2392578125
4014,4030.6924,-16.6923828125
1856,1917.774,-61.7740478515625
594,617.1304,-23.13037109375
3743,5056.5146,-1313.5146484375
1065,1022.4343,42.565673828125
734,750.0679,-16.06787109375
2309,2174.6167,134.38330078125
1002,792.89087,209.109130859375
18149,18851.348,-702.34765625
6600,6507.1084,92.8916015625
802,679.81616,122.183837890625
6270,5728.783,541.216796875
790,893.8511,-103.85107421875
666,723.7471,-57.7470703125
679,738.22705,-59.22705078125
363,539.76685,-176.766845703125
1173,1149.9238,23.076171875
622,858.51587,-236.515869140625
544,555.6865,-11.6865234375
1017,1074.2637,-57.263671875
5104,6426.394,-1322.39404296875
5053,4957.8296,95.17041015625
3060,3463.8828,-403.8828125
2117,2232.2688,-115.268798828125
5302,4945.5674,356.4326171875
3668,3935.199,-267.198974609375
728,979.4038,-251.40380859375
6048,6648.83,-600.830078125
664,738.70776,-74.707763671875
3470,3151.3281,318.671875
965,849.6394,115.360595703125
545,504.1416,40.8583984375
7819,7965.419,-146.4189453125
1029,1171.1602,-142.16015625
556,496.16455,59.83544921875
693,653.08594,39.9140625
684,667.9829,16.01708984375
13157,12707.014,449.986328125
8377,7618.3613,758.638671875
14026,15088.962,-1062.9619140625
648,559.2849,88.715087890625
689,701.3616,-12.361572265625
802,740.5476,61.452392578125
3839,4247.856,-408.85595703125
505,603.1987,-98.19873046875
11385,12757.497,-1372.4970703125
6132,6606.194,-474.19384765625
8796,8887.342,-91.341796875
967,868.9055,98.094482421875
9386,8080.8057,1305.1943359375
4161,4701.5356,-540.53564453125
10341,11241.086,-900.0859375
2475,2735.2449,-260.244873046875
4640,4811.9297,-171.9296875
11163,10657.946,505.0537109375
694,872.84814,-178.84814453125
2739,3079.1013,-340.101318359375
5769,6164.8506,-395.8505859375
1431,1616.0188,-185.018798828125
3398,3700.9404,-302.9404296875
571,538.8152,32.184814453125
3050,2768.607,281.39306640625
449,485.6692,-36.669189453125
1078,1217.4436,-139.443603515625
16506,16175.724,330.2763671875
593,532.30176,60.6982421875
435,525.9592,-90.959228515625
5156,5356.955,-200.955078125
694,681.1304,12.86962890625
5569,6050.922,-481.921875
2110,2176.036,-66.035888671875
2744,2638.711,105.2890625
794,910.03613,-116.0361328125
3102,3209.7812,-107.78125
7477,7917.3765,-440.37646484375
1018,1009.0161,8.98388671875
7291,7597.7695,-306.76953125
5706,5024.372,681.6279296875
4199,5585.017,-1386.01708984375
5554,5528.215,25.78515625
720,623.90967,96.09033203125
3497,3130.8994,366.1005859375
5393,5041.8936,351.1064453125
16484,15922.28,561.7197265625
10501,10807.049,-306.048828125
1042,961.61255,80.387451171875
4321,4357.5493,-36.54931640625
1867,1975.0502,-108.0501708984375
1571,1517.6711,53.328857421875
969,782.83276,186.167236328125
630,520.63696,109.363037109375
4246,3948.0327,297.96728515625
6212,6371.4346,-159.4345703125
1790,2222.8765,-432.87646484375
1413,1530.9548,-117.954833984375
4220,4014.1787,205.8212890625
6037,6011.7056,25.29443359375
1753,1656.561,96.43896484375
1245,1390.8772,-145.877197265625
11104,11119.209,-15.208984375
410,379.97217,30.02783203125
13609,13322.846,286.154296875
3190,3183.0962,6.90380859375
526,492.24927,33.750732421875
3326,3016.3179,309.68212890625
6159,6099.2256,59.7744140625
748,908.94824,-160.9482421875
3879,3850.3022,28.69775390625
4369,4256.2324,112.767578125
16820,17523.033,-703.033203125
3212,3272.3474,-60.347412109375
1599,1605.148,-6.14794921875
6794,6444.2427,349.75732421875
4284,4452.361,-168.36083984375
461,420.3396,40.660400390625
625,621.1111,3.888916015625
7019,7145.7305,-126.73046875
6399,6582.9307,-183.9306640625
1010,1061.136,-51.135986328125
1168,995.3662,172.6337890625
789,859.3943,-70.394287109375
2535,2820.3457,-285.345703125
5242,4552.8335,689.16650390625
599,679.2622,-80.26220703125
3807,4616.2944,-809.29443359375
5385,6011.7354,-626.7353515625
2569,2358.7827,210.21728515625
4913,5072.598,-159.59814453125
8246,7822.338,423.662109375
1172,1084.4128,87.587158203125
12499,11816.897,682.1025390625
886,911.7075,-25.70751953125
1002,1072.1506,-70.150634765625
9009,9978.685,-969.6845703125
1180,1314.5393,-134.539306640625
6499,6457.8296,41.17041015625
3428,3847.7395,-419.739501953125
11711,13240.631,-1529.630859375
2451,2699.2869,-248.286865234375
3294,3765.8235,-471.823486328125
5149,5215.0117,-66.01171875
9229,9081.671,147.3291015625
690,716.41504,-26.4150390625
878,685.6301,192.369873046875
1656,1891.7363,-235.736328125
6543,10517.002,-3974.001953125
337,249.91724,87.082763671875
605,774.52124,-169.521240234375
4427,4598.018,-171.01806640625
773,876.125,-103.125
936,778.0237,157.976318359375
984,818.76416,165.23583984375
4238,4302.0156,-64.015625
6221,6579.4707,-358.470703125
2387,2508.2915,-121.29150390625
3089,2542.6372,546.36279296875
4735,4804.268,-69.26806640625
798,944.64624,-146.646240234375
826,881.2844,-55.284423828125
2062,1991.6366,70.3634033203125
6834,7849.7656,-1015.765625
526,544.3916,-18.3916015625
2276,2623.4312,-347.43115234375
9791,11844.4795,-2053.4794921875
4890,5711.894,-821.89404296875
6639,6766.64,-127.64013671875
5622,5775.2446,-153.24462890625
5880,5652.417,227.5830078125
779,1077.6948,-298.69482421875
6683,7008.8047,-325.8046875
1426,1637.7671,-211.76708984375
4724,4926.457,-202.45703125
3833,4200.616,-367.6162109375
2968,3721.4626,-753.462646484375
3284,3986.4329,-702.432861328125
3077,3218.2605,-141.260498046875
3398,3612.0496,-214.049560546875
737,793.18896,-56.18896484375
2022,2101.9526,-79.95263671875
453,513.60034,-60.600341796875
631,630.6929,0.30712890625
789,848.33496,-59.3349609375
2042,2245.7244,-203.724365234375
5278,4983.1836,294.81640625
449,427.39673,21.603271484375
2660,2251.2957,408.704345703125
10748,10921.567,-173.5673828125
1436,1419.9001,16.099853515625
12939,13636.528,-697.5283203125
2316,2751.1763,-435.17626953125
2131,2317.1733,-186.17333984375
965,813.6831,151.31689453125
6159,6328.4043,-169.404296875
6443,6227.504,215.49609375
1006,1089.8843,-83.88427734375
417,617.5781,-200.578125
793,852.2622,-59.26220703125
717,852.0698,-135.06982421875
1354,1273.8818,80.1181640625
3888,4356.052,-468.0517578125
5273,5454.7153,-181.71533203125
2594,2629.6528,-35.65283203125
1061,962.26953,98.73046875
4314,4125.203,188.796875
1776,1663.2056,112.79443359375
2751,3241.2395,-490.239501953125
5579,5212.3716,366.62841796875
596,635.7239,-39.723876953125
5867,5597.215,269.78515625
936,1111.7207,-175.720703125
11248,12440.444,-1192.4443359375
904,819.0322,84.9677734375
9870,10004.106,-134.1064453125
4259,3892.2422,366.7578125
4700,4529.8516,170.1484375
2381,2803.0374,-422.037353515625
5620,5772.094,-152.09423828125
800,716.228,83.77197265625
1655,1645.6123,9.3876953125
421,430.22754,-9.2275390625
14044,14666.811,-622.810546875
495,552.3318,-57.331787109375
3269,3658.1772,-389.17724609375
5030,4948.3833,81.61669921875
884,913.66626,-29.666259765625
12271,14328.527,-2057.52734375
10349,9085.816,1263.18359375
662,523.4656,138.534423828125
5612,5690.6357,-78.6357421875
881,878.74365,2.25634765625
2481,2291.8438,189.15625
1217,1277.095,-60.094970703125
3073,2729.1758,343.82421875
5999,6077.914,-78.9140625
2868,2836.3472,31.65283203125
13757,14340.264,-583.263671875
1673,1984.9996,-311.9996337890625
2607,2862.372,-255.3720703125
2145,2132.0889,12.9111328125
802,740.9763,61.023681640625
9547,9616.808,-69.8076171875
1453,1405.4744,47.525634765625
828,691.6328,136.3671875
3742,5376.871,-1634.87109375
475,434.12476,40.875244140625
4541,4767.5825,-226.58251953125
668,598.1765,69.823486328125
9831,8545.09,1285.91015625
12958,12312.488,645.51171875
2167,2465.1372,-298.13720703125
2028,1964.2085,63.79150390625
2346,1880.3097,465.6903076171875
5006,4949.314,56.68603515625
3197,4869.2886,-1672.28857421875
1996,2133.707,-137.70703125
4044,5235.4004,-1191.400390625
5929,6152.8213,-223.8212890625
8840,11839.853,-2999.8525390625
540,427.11523,112.884765625
1664,2441.474,-777.47412109375
